party,person,title,text,source_url,date,week,month
Democrat,Laura Gillen,Devastating Maternal Healthcare Inequities,"Ms. GILLEN. Mr. Speaker, across our country, women of color continue  to experience devastating maternal healthcare inequities. As a proud  mother of four children, I know firsthand how critical access to  quality healthcare is for expectant mothers. However, far too many  women in this country still do not have access to the vital maternal  resources they need to survive and lead to good outcomes for them and  for their babies.

Today, Black women are three times more likely to die from a  pregnancy-related cause than other women. They are also twice as likely  to lose an infant to premature death. These disparities have not  improved for more than 30 years, and that is unacceptable.

That is why I am proud to join the Black Maternal Health Caucus to  work toward reducing maternal mortality and building healthier  communities for Black women and their infants.",https://justfacts.votesmart.org/public-statement/1689759/devastating-maternal-healthcare-inequities,2025-04-08,2025-W15,2025-04
Democrat,Kathy Castor,Providing for Consideration of H.R. Breaking the Gridlock Act,"Ms. CASTOR of Florida. On behalf of the over half a million  hardworking neighbors back home and across the Tampa Bay area, I rise  in strong support of the extension of the lifesaving and cost-saving  ACA tax credits.

Families are being crushed by inflation and high healthcare costs,  and they need the savings that the ACA tax credits provide. Mr.  Speaker, 4.7 million Floridians, one in five who live in the Sunshine  State, depend on the ACA. It is estimated that without the tax credits,  over 1.4 million Floridians will lose their health insurance entirely.

They are entrepreneurs. They are caregivers. They are cancer  patients. They are part-time workers. They are small-business workers  who have seen their premiums more than double, and they deserve so much  better.

That includes Yohanna, a small business owner in Tampa and the mother  of a daughter with Down syndrome, who without enhanced tax credits  defaults to an insurance plan where every visit will cost her $150 for  a copay. It includes Matthew, a truck driver from St. Petersburg, whose  premiums rose from $64 a month to $736 per month.

We need to extend these tax credits, and we need to do it now.",https://justfacts.votesmart.org/public-statement/1698595/providing-for-consideration-of-hr-breaking-the-gridlock-act,2026-01-07,2026-W02,2026-01
Democrat,Wesley Bell,Recognizing Annie Malone and Foster and Adoptive Care Coalition in St. Louis,"Mr. BELL. Madam Speaker, as the holidays roll around, I want to say  this to folks across the St. Louis region: This season isn't just about  what is under the tree. It is about who we show up for.

There is a lot happening in the world right now. Some of it is heavy.  At home, I see a community that still believes in looking out for one  another, especially our children. Not every child has the stability  they deserve, through no fault of their own. When families can't carry  that load alone, the rest of us have to help.

That is what organizations like the Foster and Adoptive Care  Coalition do every day, and it is what Annie Malone has done for  generations, helping young people aging out of the system find their  footing.

As we celebrate with the people we love, I hope we also think about  how we can help others. That is how we make this season matter.

Madam Speaker, I wish St. Louis happy holidays.",https://justfacts.votesmart.org/public-statement/1698411/recognizing-annie-malone-and-foster-and-adoptive-care-coalition-in-st-louis,2025-12-17,2025-W51,2025-12
Republican,Julie Fedorchak,Promoting Cross-Border Energy Infrastructure Act,"Mrs. FEDORCHAK. Mr. Speaker, I thank Chairman Guthrie for his  leadership on this issue, on all energy issues, and for the entire  Energy and Commerce Committee. He provides the exact type of leadership  we need at this time in our country.

Mr. Speaker, I rise today in strong support of my bill, the Promoting  Cross-Border Energy Infrastructure Act and in strong opposition to what  my colleague from New Jersey just said about this bill, much of which  is just simply not true.

Energy is the foundation of everything we do. It powers our homes,  fuels our farms, and drives our economy. If we want to stay a global  leader, we must build the pipelines and power lines that move energy  from where it is produced to where it is needed. That is much more  challenging than it needs to be under current law in our country. I  know many of my colleagues across the aisle want to change that through  permitting reform. My legislation begins to address that and is a step  in the right direction.

This bill is about strengthening American energy security, protecting  good-paying jobs, and restoring common sense to a process bogged down  by bureaucratic delays and partisan politics.

For far too long, energy developers have faced an outdated and  unpredictable permitting process that has delayed and even canceled  critical infrastructure projects, costing taxpayers millions of  dollars, and weakening American energy security.

Right now, if you want to build a pipeline or a power transmission  line between the U.S. and Canada or the U.S. and Mexico, you are stuck  navigating a patchwork of executive orders, undefined agency processes,  and shifting political winds. That is no way to build long-term  infrastructure in our country.

We need a cross-border permitting process that is transparent,  predictable, and durable, a process that can't be undone with the  stroke of a pen. The Keystone XL Pipeline should have been a wake-up  call. It would have carried 800,000 barrels of oil each day from Canada  to refineries in the Midwest and Texas. It would have meant real  opportunity for North Dakota communities: more jobs, more tax revenue,  and more energy produced for the entire Nation.

After a decade of delays, protests, and litigation, Keystone XL was  finally approved in 2017 by President Trump, but on day one of the  Biden administration, that permit was canceled. It wasn't canceled  because the project wasn't needed or because it wasn't safe, but to  appease radical activists.

With that single decision, the Biden administration cost the U.S.  more than $3 billion in GDP and thousands of jobs, including many in my  State of North Dakota.

This uncertainty has created a chilling effect on investment in the  infrastructure we desperately need for American energy dominance.

That is why I introduced the Promoting Cross-Border Energy  Infrastructure Act. This legislation will help fix this problem. This  bill requires Congress to approve the reversal of a cross-border  project, no more unilateral decisions based on politics.

This bill would also replace the outdated Presidential permitting  process with a clear statutory framework: the certificate of crossing.

This process will be overseen by FERC for oil and gas projects and by  the Department of Energy for electricity. It establishes firm timelines  for reviewing applications and puts subject matter experts, not  politicians, in charge of decisions.

By creating a consistent statutory framework that protects all  existing requirements and environmental reviews, we can provide the  regulatory certainty energy developers need to invest, hire, and build.  Most importantly, this strengthens America's role as a global energy  leader.

Mr. Speaker, I urge my colleagues to support this bill and stand with  American energy dominance.",https://justfacts.votesmart.org/public-statement/1695691/promoting-cross-border-energy-infrastructure-act,,,
Republican,Mike Kennedy,"Promises Made, Promises Kept","Mr. KENNEDY of Utah. Madam Speaker, I rise to highlight the important  benefits the One Big Beautiful Bill Act delivered to Utah's businesses  and workers.

Madam Speaker, we had the opportunity to be in our districts for the  past month, and I had the privilege of meeting with my constituents in  Utah's Third District. At the end of this district work period, I  participated in a business-focused event with members of the Salt Lake  Chamber to discuss the One Big Beautiful Bill Act and other industry- related issues.

During this event, I was able to hear directly from local  businessowners and stakeholders about how the One Big Beautiful Bill  Act and other Federal policies are impacting businesses in my district.  What I heard was clear: Businesses want certainty. They want  competitiveness. They want opportunity. The One Big Beautiful Bill Act  delivers all three.

The One Big Beautiful Bill Act makes permanent the section 199A  passthrough deduction, giving small businesses a 20 percent tax break.  For the 69,000 eligible firms in Utah, this means long-term stability  and provides them with a foundation to thrive.

The One Big Beautiful Bill Act also protects about 72,000 full-time  jobs in Utah over the next 4 years relative to if the 2017 Tax Cuts and  Jobs Act had been allowed to expire.

Derek Miller, president and CEO of the Salt Lake Chamber of Commerce,  said: ``This vital legislation provides crucial long-term certainty for  Utah's businesses and families. Making these progrowth provisions  permanent empowers businesses to continue investing, innovating, and  creating jobs,  while also ensuring Utah families can keep more of their hard-earned  money and better manage their financial responsibilities.''

The One Big Beautiful Bill Act is also critical to innovative  national security-focused companies in Utah, such as Northrop Grumman  and Vector, which I had the opportunity to tour during the August work  period.

Northrop manufactures the five-segment solid rocket boosters for  NASA's Space Launch System in Utah. They are currently developing next- generation rocket boosters, which will power us to the Moon and Mars.  Thanks to the passage of the One Big Beautiful Bill Act, NASA will  receive $4.1 billion for the Space Launch System for the Artemis IV and  V missions. That investment will support Utah jobs and power new  American advancement in space.

The One Big Beautiful Bill Act also supports a strong national  defense by investing in America's UAS industrial base to boost U.S.  drone capabilities. In my district, companies like Vector, a veteran- owned drone manufacturer, are leading that charge, developing  technologies to strengthen the warfighter, secure our supply chain, and  drive 21st century innovation here at home. I am glad the One Big  Beautiful Bill Act will help support these capabilities and ensure  America, not China, sets the standard in this critical field.

In voting for the One Big Beautiful Bill Act, House Republicans voted  to power economic growth by boosting local production, supporting small  businesses, and strengthening America's national security. I enjoyed  discussing these issues with the Salt Lake Chamber and other groups  while in my beautiful State of Utah last month.",https://justfacts.votesmart.org/public-statement/1694796/promises-made-promises-kept,,,
Republican,Ken Calvert,Veterans Scam and Fraud Evasion Act of 2025,"Mr. CALVERT. Mr. Speaker, through their service and sacrifice, our  veterans willingly put themselves in harm's way to ensure the security  of our country. It is our turn to ensure that they are protected from  scams and fraud. That is why I introduced H.R. 1663, the Veterans Scam  And Fraud Evasion Act, or VSAFE Act.

The sophistication and frequency of scams and fraud targeting our  veterans are constantly increasing. According to a report from the  Federal Trade Commission, U.S. veterans and military retirees reported  $350 million in total fraud losses in 2023.

While a number of departments and staff work in an uncoordinated  manner to combat fraud within the VA and other agencies, the VSAFE Act  will establish a comprehensive effort that will assist our veterans by  establishing a veterans scam and fraud evasion officer in the  Department of Veterans Affairs who is responsible for all fraud  prevention efforts.

By providing veterans with more consistent guidance on how to  identify, report, and avoid fraud and scam attempts, we can reduce the  occurrences that are occurring.

I thank Chairman   Mike Bost and all the cosponsors of this bill for  their support. I encourage all of my colleagues to protect our veterans  by supporting the VSAFE Act.",https://justfacts.votesmart.org/public-statement/1699189/veterans-scam-and-fraud-evasion-act-of-2025,2026-01-20,2026-W04,2026-01
Republican,Andy Barr,Securing America's Critical Minerals Supply Act,"Mr. BARR. Mr. Speaker, had I been present, I would have voted NAY on  Roll Call No. 63 and YEA on Roll Call No. 64.",https://justfacts.votesmart.org/public-statement/1700020/securing-americas-critical-minerals-supply-act,2026-02-11,2026-W07,2026-02
Republican,Steve Daines,Safeguard American Voter Eligibility Act,"Mr. DAINES. Mr. President, there are some issues we consider so  logical and so obviously rooted in common sense that I have got to  believe the American people are sitting at home and wondering why  Congress is even having this debate. And such is the case with the bill  the U.S. Senate is considering this week, the SAVE America Act.

Let me be clear. The bill before us today requires proof of  citizenship when registering to vote, and it requires photo ID in order  to vote in a Federal election.

If you come to my office here in Washington, DC, you will see fairly  quickly I am an avid outdoorsman. There are a lot of hunting and  fishing pictures on the walls that say a lot about the great State of  Montana.

As many know, Montana has some of the very best outdoor recreation in  the country, even the world: hunting, fishing, backpacking, you name  it.

I remember growing up in Montana. My grandpa and my dad had a fly rod  in my hand when I was still a little boy before fly fishing was cool  even, back in the early seventies. And I remember fly fishing before  Brad Pitt discovered it with Robert Redford and made the movie ``A  River Runs Through It.'' If you want to fish in Montana, if you want to  fly fish, if you want to get a tag to hunt, you want to shoot a mule  deer or an elk or a white tail, you know what you need to get a tag? to  get a fishing license? You have got to produce a valid ID. To go  fishing, you need a license. And to get a license, you need a valid ID.

Now, nobody has a problem with this when it comes to America's great  outdoors. So why does the left protest so hard against ID requirements  to vote?

It is an explicit law that only American citizens can vote, and all  Americans have an ID or the ability to easily obtain one.

The right to vote and participate in democracy is a core principle of  this great country. It is what gives us our freedom. It is what gives  us a voice. But when election integrity is compromised, our  institutions suffer, and the people don't trust the outcome of  elections or their government anymore.

And that is why 95 percent of Republicans and 71 percent of Democrats  support having voter ID. It is truly that bipartisan. I am not sure  there is a more bipartisan issue right now facing us in Washington.

People want to restore trust in their elections and their government.  So why is this so hard?

I will tell you why it is so hard. Our friends on the other side of  the aisle are captive to their radical base. I grew up as the grandson  of a Democrat in Montana. My dad was a Democrat growing up. But this is  a different kind of Democrat today. The radical base is steering the  party that we debate with across the aisle here in Washington.

Remember under Joe Biden's border catastrophe, at least 10 million-- and that is a conservative number--10 million illegal aliens poured  into the country unchecked. And in many States, these illegal aliens  are eligible for driver's licenses, which makes it easier to illegally  register to vote.

And that is why you need to have proof of citizenship. That is why  the SAVE America Act is so important. Requiring a photo ID is basic. It  is common sense. It is not controversial. It is time to get this done.

I am very grateful to my colleague Senator Mike Lee of Utah and my  colleague Senator Eric Schmitt of Missouri who have been fighting so  hard to get this bill across the finish line.

I urge the rest of our colleagues to get on board, support the SAVE  America Act, stand up for election integrity, and vote for the SAVE  America Act.",https://justfacts.votesmart.org/public-statement/1700783/safeguard-american-voter-eligibility-act,2026-03-17,2026-W12,2026-03
Democrat,George Latimer,Recognizing the Scarsdale Forum,"Mr. LATIMER. Mr. Speaker, I rise to recognize the civic commitment of  an organization of active and concerned citizens in Scarsdale who labor  to involve everyday residents in the important issues of the day, the  Scarsdale Forum.

The organization traces its roots back over 120 years to 1904, with a  charitable and educational mission at its core. The forum sponsors  events and seminars addressing the issues, choices, and solutions that  directly impact the community. The floor committees study substantive  issues, produce reports for discussion, and interact directly with  elected officials.

The leadership team, President Jill Spielberg, Vice President Karen  Brew, along with Elaine Weir, Madelaine Eppenstein, and a large cadre  of talented neighbors in key roles, provide a strong base of abilities  all committed to the benefit of Scarsdale.

From the floor of the House of Representatives, we salute the men and  women of the Scarsdale Forum who have made the level of voluntary,  active citizenship envisioned by our Founding Fathers come to life in  the village of Scarsdale.                  Trump Administration's Attacks on Families

Mr. LATIMER. Mr. Speaker, I rise today to condemn the Trump  administration's recent attack on childcare and family assistance. This  administration has decided to freeze funding for three critical  programs in New York and four other Democratic States. As usual, they  are putting their politically motivated agenda on full display.

The targeted programs include Temporary Assistance for Needy  Families, the Child Care and Development Fund, and the Social Services  Block Grant program. This move threatens over $3.4 billion in annual  funds that New York depends upon to provide critical resources,  including childcare, public assistance, domestic violence services,  homeless shelters, and emergency payments for families and children.

This action only serves to intensify the massive affordability crisis  that New York and the rest of the country continue to face. Playing  politics with people's lives, let alone vulnerable children and  families, is unacceptable.

While this administration continues its cruel and vengeful behavior,  my Democratic colleagues and I remain committed to protecting  vulnerable children and families.                         Polio Resurgence and Rotary

Mr. LATIMER. Mr. Speaker, I address this Chamber today as a longtime  member of Rotary International. Rotary's top priority is eradication of  the deadly disease, polio. Its members have invested billions of  dollars and countless volunteer hours in polio vaccination campaigns in  countries around the world.

In 1988, Rotary helped to create the Global Polio Eradication  Initiative, a partnership with the U.S. Centers for Disease Control and  Prevention, the World Health Organization, UNICEF, the Gates  Foundation, and the vaccine alliance, Gavi, with additional critical  funding from the U.S. Agency for International Development, which no  longer exists. Yet the entire effort is threatened by the  administration's plan to defund key GPEI partners.

Just at the time when this disease is closer than ever to being  eradicated, the risk of outbreaks is greatly increased. We must do all  in our power to protect the gains already made, and finish the job,  including appropriating the funds required.

People from my generation remember the terrible consequences of  polio, often paralysis and even death for those with this highly  contagious disease. Many Americans still live with long-term post-polio  syndrome.

Still, outbreaks continue around the world and other countries that  are just a plane ride away. Complete eradication depends on continued  vaccination of children everywhere and constant surveillance.

Founded in Chicago in 1905 with the motto of Service Above Self,  Rotary International is the headquarters organization for a vast number  of Rotary Clubs. It is one of the largest nonreligious and nonpolitical  civil society membership organizations. It provides people-to-people  assistance reaching the community level with vital programs.

Rotarians have a wide range of political and partisan leanings, but  they are united in their commitment to serve their communities and they  share a common determination to end polio. We must hear their voices,  and we must not let them down.",https://justfacts.votesmart.org/public-statement/1699265/recognizing-the-scarsdale-forum,2026-01-21,2026-W04,2026-01
Democrat,Julie Johnson,Supporting Healthcare Apprenticeships,"Ms. JOHNSON of Texas. Mr. Speaker, I rise today to announce the  introduction of my bipartisan Fast Track Healthcare Apprenticeships  Act, alongside my friend, Congressman  Mike Kennedy from Utah.

Across the country, and especially in Texas, families are feeling the  strain of a healthcare system that simply does not have enough trained  professionals. Longer wait times, higher costs, and fewer options for  care are symptoms of a workforce that is stretched far beyond its  limits.

Our bill takes a commonsense approach to address the shortage. It  streamlines and modernizes the healthcare apprenticeship approval  process, requiring Federal and State labor agencies to act on the  application within 45 days, and directs the Department of Labor to  digitize and update  the apprenticeship agreement forms to make them more accessible.

These changes will help aspiring health workers get trained faster  and step into good-paying, stable jobs. It will reduce barriers for  employers, strengthen our workforce pipeline, and expand access to care  in communities that desperately need it.

Our bipartisan bill supports workers and providers and helps ensure  that every family can rely on a healthcare system that is accessible,  affordable, and built to meet their needs.

I urge all of my colleagues to join us in supporting this bill.",https://justfacts.votesmart.org/public-statement/1697515/supporting-healthcare-apprenticeships,2025-12-04,2025-W49,2025-12
Republican,French Hill,Warmth of Collectivism,"Mr. HILL of Arkansas. Mr. Speaker, America recently witnessed the new  mayor of America's largest city share his democratic socialism vision  with New Yorkers. He pledged to ``replace the frigidity of rugged  individualism with the warmth of collectivism.''

Here in our Nation's semiquincentennial, 250 years of liberty, the  new mayor rejected the fundamentals of American hard work and the  extraordinary benefits of markets that have freed billions from hunger  and poverty around the globe.

Anyone with even a basic knowledge of history knows that government- enforced collectivism always ends in poverty, death, and despair.

Mr. Speaker, look at Cuba, where the warmth of communism has left  people with no rights, no freedom, and driving cars from the 1940s and  1950s; or Xinjiang, China, where the Uyghurs are imprisoned and  enslaved to labor; or certainly no modest case, the Korean Peninsula,  North Korea, where people are in darkness for 12 months a year and  where people are stunted by malnutrition and oppression and live in  darkness, literally and figuratively.

Compare that to South Korea, Mr. Speaker. In less than three  generations since the end of the Korean conflict, the average South  Korean is three inches taller, lives 12 years longer, and earns 18  times more than their northern struggling counterpart. Same people;  same peninsula. One system embraced the individual; the other, the  collective.

Of course, there are the millions starved to death and thrown into  the gulags by Mao's China and Stalin's Soviet Union.

These aren't abstract failures, Mr. Speaker. They are graveyards  built on broken bodies. What starts as hope ends in tyranny and death  every time.                          Coptic Christians in Egypt

Mr. HILL of Arkansas. Mr. Speaker, I rise to shed light on the  discrimination faced by Coptic Christians in Egypt.

Coptic Christians face restrictions on building churches, have  limited representation in government, and, tragically, have been  targets of violence and persecution. They are attacked in the streets,  held as political prisoners, and have little recourse.

The discrimination they face not only violates their basic human  rights, but also undermines Egypt's rich cultural diversity and  history, as well as Egypt's own legal commitments to its citizens.

It is critical for the international community to encourage the  Egyptian government to further embrace religious tolerance, effectively  protect minority rights, and ensure equality under the law for all of  its citizens.

It is important for us to bring to light these issues and do all we  can to promote our values: that no matter what race or religion, all  people deserve dignity and respect.

As the Coptic Pope Tawadros II told me: ``All Egyptians take their  water from the Nile.'' In that spirit, Egypt has work to do.                        Recognizing Dr. Cam Patterson

Mr. HILL of Arkansas. Mr. Speaker, I rise today to recognize the  leadership of Dr. Cam Patterson, our former chancellor of the  University of Arkansas for Medical Sciences.

Last year, Dr. Patterson announced his decision to step down from his  leadership position after 7 years of focused, dedicated service to the  university, the medical school, and the people of Arkansas.

Under his leadership, UAMS continued its commitment to excellence. As  UAMS faced the challenges of the COVID-19 pandemic, Dr. Patterson  helped expand access to care across the State and navigated the  pandemic while strengthening the university's reputation for excellence  and research, patient care, and medical education.

As he remains at UAMS as a professor of cardiovascular medicine, Dr.  Patterson will continue to advance his spirit of innovation,  compassion, and service.

Mr. Speaker, I thank Dr. Patterson for his leadership and for always  putting Arkansas families first.                  Condolences to the Family of Doug LaMalfa

Mr. HILL of Arkansas. Mr. Speaker, I rise in condolence to Jill  LaMalfa and the LaMalfa family of northern California, that beautiful  area north of Sacramento, deep in the wilderness, home to Mt. Shasta.  There was no better representation of the people of California than  Doug LaMalfa.

He was a gentle giant. I had so much fun with him over the years. He  was such a committed person to his constituents, to the State of  California, to public service, to his relationships on both sides of  the aisle. He had deep respect. From the most liberal Democrat in  California to the most conservative Republican down in Texas, they all  loved Doug LaMalfa. He will be missed.

Mr. Speaker, Martha and I share our condolences. We pray for the  family at this tragic loss, but we are grateful for our friendship and  service with Doug LaMalfa.",https://justfacts.votesmart.org/public-statement/1698914/warmth-of-collectivism,2026-01-12,2026-W03,2026-01
Democrat,Suzanne Bonamici,Gop Tax Scam Hurts Women and Families,"Ms. BONAMICI. Mr. Speaker, I rise today to oppose the big, bad  billionaire bill, especially the cuts to Medicaid.

According to the Congressional Budget Office, this bill will result  in more than 13 million people across the country losing health  insurance coverage, and people with disabilities will be the hardest  hit.

Medicaid is the primary program for comprehensive health and long- term care coverage to one in three people with disabilities.

My colleagues across the aisle are so focused on giving tax cuts to  billionaires, I think they have lost sight of the everyday people who  will be harmed by their reckless decisions.

One of my constituents, Rachael, is a caretaker for her adult son  with Down syndrome. Payments from Medicaid allow Rachael's son to  survive. Rachael told me that without these payments her son could die.

Republicans have claimed that vulnerable populations who need  Medicaid will not be harmed by provisions in this legislation, but we  saw this play out before.

In 2011, when States had to cut spending to comply with Federal  requirements, many people with disabilities were hit hard and fast by  the loss of services.

I implore every one of my colleagues: Do not be complicit in  destabilizing the lives of millions of people, including Rachael's son  who will have their healthcare ripped away.",https://justfacts.votesmart.org/public-statement/1691440/gop-tax-scam-hurts-women-and-families,2025-05-20,2025-W21,2025-05
Democrat,Derek Tran,Democratic Proposals,"Mr. TRAN. Mr. Speaker, I am honored to announce that the first bill I  will introduce as a Member of Congress is the Protect Veteran Jobs Act.  The men and women who serve our country deserve our unwavering support,  not broken promises.

The indiscriminate firing of veterans by the Trump administration and  Elon Musk's DOGE dishonors the unwavering commitment that these public  servants have dedicated to our country. These heroes stepped up for us,  and now, we must stand up for them.

This issue is deeply personal to me. I am the son of Vietnamese  refugees who fled war and persecution in search of safety and a better  life in America. This country welcomed them and gave me the chance to  succeed.

I joined the Army out of sense of duty to my country because I wanted  to give back to the country that gave me so much. I wanted to protect  the very principles of freedom, justice, and decency that we hold dear.

I don't see those values in the actions by the Trump administration.  I see only division, fear, and cruelty.

I have a duty as a Congressman, as a veteran, and as a proud American  to stand up for those who made the highest commitment to us. It is my  honor  to introduce the Protect Veteran Jobs Act to reinstate veterans who  were recklessly terminated under the Trump administration's  dishonorable purge of the Federal workplace and hold the executive  branch accountable for any future terminations that may occur.

This isn't about politics. This is about basic decency.

Veterans make up 30 percent of the Federal workplace, and when they  are unjustly removed, it impacts all of us. From delays in healthcare  and disability claims to staffing shortages at the VA, the consequences  are dire.

Mr. Speaker, veterans have our backs, and we must have theirs. I hope  my colleagues will join me in supporting this important bill. Veterans  gave everything for us. It is time we give back to them.",https://justfacts.votesmart.org/public-statement/1688234/democratic-proposals,2025-02-26,2025-W09,2025-02
Republican,Dan Meuser,"Providing for Disposition of Senate Amendment to H.R. Department of Homeland Security Appropriations Act, 2026","Mr. MEUSER. Mr. Speaker, reality sometimes hurts. The fact is that  the Democrat leadership, over a 4-year period, let millions and  millions and millions of illegal aliens and illegal persons into our  country and, along with it, tons of drugs and all kinds of human  trafficking.

Now, they are arguing against deportations and are doing their very  best to create chaos and hope the American people allow them to blame  it on President Trump and Republicans.

After the House passed a bipartisan DHS funding bill, along with  concessions from the White House and good faith efforts from both  Chambers, Chuck Schumer still refused to take yes for an answer.

The bill we received does not fund DHS. It sets border security  operations and CBP at zero quite intentionally. Zero dollars means that  day-to-day operations at Customs and Border Protection are not funded.  That is explicitly attempting to open our southern border.

Homeland Security Investigations, which stopped sex and child  trafficking, is left out as well. Was that deliberate? Apparently so.

For the second time within a year, TSA agents are working without  pay. That is terrible for them, for their families, and, of course, as  we see, for the traveling public.

President Trump took action today, thankfully, to find a way to pay  our TSA agents and allow our airports to run more smoothly. Now, we  have to do our job.

The short-term CR that we have presented is far from perfect, but it  keeps DHS running and our airports moving during Easter and Passover,  heavy travel times. We have time now to work out a better long-term  plan and agreement, as well.

Look, let's do what is right for once. Let's do what is right tonight  for the American people and try to stop the politics. Let's fund  Homeland Security and end this quite deliberately created chaos.",https://justfacts.votesmart.org/public-statement/1701521/providing-for-disposition-of-senate-amendment-to-hr-department-of-homeland-security-appropriations-act-2026,2026-03-27,2026-W13,2026-03
Democrat,Jim McGovern,Providing for Consideration of H.R. Prohibiting Voting By Noncitizens in District of Columbia Elections; Providing for Consideration of H.R. District of Columbia Federal Immigration Compliance Act of Providing for Consideration of H.R. Protecting Our Nation's Capital Emergency Act; and Providing for Consideration of S. Halt All Lethal Trafficking of Fentanyl Act,"Mr. McGOVERN. Mr. Speaker, I thank the gentlewoman from Indiana (Mrs.  Houchin) for yielding me the customary 30 minutes, and I yield myself  such time as I may consume.

Mr. Speaker, the bills in this rule today are nothing more than a  cheap distraction and another smokescreen from House Republicans, who  are desperate to change the subject. I get why. After all, it was just  2 weeks ago that nearly every single Republican in this Chamber voted  for what may be the most shameful piece of legislation that this body  has produced in years, the GOP tax scam.

Mr. Speaker, it is bad enough that it gives massive tax breaks to  billionaires and wealthy donors, but it does that by literally taking  food out of the mouths of hungry seniors and children and ripping  healthcare away from more than 16 million Americans.

In case it wasn't clear, Republicans are gutting Medicaid and even  targeting Medicare, programs that millions of families depend on. It is  not because they have to but because they want to.

Mr. Speaker, I know my friends across the aisle hate to hear us say  the truth out loud. It makes them uncomfortable because they know what  they are doing is wrong. Yet, that is just the cold, hard truth, Mr.  Speaker.

In the process, Republicans are adding trillions of dollars to the  very national debt that the majority loves to complain about when it is  politically convenient. That is also the cold, hard truth.

Numbers don't lie. Look at the Congressional Budget Office's  analysis. The Republicans' math does not add up. Again, this adds  trillions of dollars to the debt.

Since the backlash has been swift and deserved, Republicans are  scrambling to do everything they can to sweep it under the rug and  change the narrative. That is what these bills are about--political  misdirection, not meaningful solutions.

Let's be clear. Three of the bills this week meddle in D.C.'s local  governance. It is not because there is some urgent crisis but because  Republicans want to score cheap political points and take power away  from a local government that they weren't elected to make decisions  for.

In fact, Republicans referred to the District of Columbia as  ``property'' in last night's Rules Committee hearing. Who talks like  that? I thought I was watching ``Gone with the Wind.''

This is so incredibly offensive. The people who live in D.C. are not  the Republicans' property. Their land is not Republicans' property.  Their money is not the property of the Republicans. The majority should  keep their hands off of it and keep their hands off of them.

Republicans, Mr. Speaker, are on a power trip. These bills either  chase problems that don't exist or duplicate efforts already underway.  That is not legislating. That is performative politics.

Here is the real kicker: If my Republican colleagues were serious  about public safety in D.C., as my colleagues on the other side of the  aisle claim, then the first thing to do is restore the $1 billion in  the city's funding that they slashed earlier this year.

I want to be clear. This is not Federal money. We are literally  talking about the city being able to spend their own money that D.C.  residents have paid in taxes for the District. That money, taken from  D.C.'s budget and paid by D.C. taxpayers, goes toward supporting public  safety, social services, and critical infrastructure that residents and  tourists alike rely on.

The Senate already passed the fix. The bill is ready for us to vote  on. Even Donald Trump says he supports it. I can't believe it, but he  says that he supports it.

Mr. Speaker, why is it that House Republicans here in Congress are  dragging their feet? I thought they did everything Trump directed them  to do, Mr. Speaker. Why are Republicans willing to stand strong against  Trump on this, but when it comes to taking away healthcare and food  assistance from their constituents, my colleagues on the other side of  the aisle suddenly have no backbone and go along with Trump on that?  Give me a damn break.

The fourth bill this week makes formatting changes to the HALT  Fentanyl Act, a bill that we have debated before.

I will be very clear. The fentanyl crisis is real. It is deadly, and  it demands serious action. Yet, that action must be more than slogans  and symbolism. You can't say that you are serious about fighting  fentanyl while slashing funding for mental health services, addiction  treatment, and Medicaid. That is hypocrisy, and that is dangerous.

Yet, this is the Republican playbook. Republicans pay lipservice to  real problems, undercut the solutions that actually work, and shovel  more tax breaks to the ultrawealthy--rinse and repeat.

Mr. Speaker, the American people deserve a hell of a lot better. They  deserve better than a party taking away their healthcare in the middle  of the night. America's hardworking moms and dads, who may work  multiple jobs but still don't make enough to afford groceries under  this administration, deserve to know that they can rely on SNAP during  rocky times so that their 7- and 8-year-old kids have something to eat.

Seniors deserve to have full fridges and access to healthcare that  they have paid into so that they can live out their remaining years  with dignity.

If seniors are paying their fair share in taxes, billionaires, hedge  fund managers, and people who can afford to dump millions into  political campaigns should pay their fair share, too.

People are tired of all of these giveaways to multibillionaires while  hardworking, middle-class families or those struggling to get into the  middle class get screwed over.

What we saw from Republicans in the last week of May, Mr. Speaker, is  reprehensible. It is not what the American people deserve.

Mr. Speaker, I hate to be the one to have to inform the gentlewoman  of this fact, but the head of CBO, according to The Wall Street  Journal, is a registered Republican.

Now, we are being told by the Republicans that we can't trust the  nonpartisan Congressional Budget Office to give us correct numbers on  how much things are going to cost or how much the tax cuts are going to  cost. Who do we rely on for that? Is it Elon Musk? Maybe not anymore  because Elon and Trump are fighting.

The bottom line is that CBO has been kind of the gold standard that  both parties have pointed to in various debates on budgetary bills over  the years.

I should also point out, because I think I want it to be very clear,  there is no Federal funding in Medicaid that goes to provide support  for undocumented immigrants. CBO also states that, so that little red  herring out there is just, again, to distract. It is just not truthful.  That is not truthful. I think everybody in this Chamber knows that.  Enough of that.

Mr. Speaker, if we defeat the previous question, I am going to offer  an amendment to the rule to bring up H.R. 2753, the Hands Off Medicaid  and SNAP Act of 2025, which would block the Republican budget from  cutting Medicaid or SNAP benefits and kicking people off of these  lifesaving programs.

Mr. Speaker, 3 weeks ago, House Republicans jammed through their  multitrillion-dollar budget scam by a one-vote margin. Some Republicans  didn't even know what was in the bill. They rushed it through so fast  that we are reportedly going to have to revote on it later this week to  fix all the errors in the bill.

While we stand here debating three bills to micromanage the affairs  of the District of Columbia, which has its own Mayor and city council,  who are perfectly capable of representing their constituents,  Republicans are moving forward with more tax breaks for billionaires  and corporations while lower  income Americans are made worse off through their largest cuts to  healthcare and food assistance in our Nation's history.

We live in the richest country in the history of the world. I will  inform the gentlewoman and those in this Chamber that we have 46  million people in the United States of America who are hungry or food  insecure. We should all be ashamed of that. Rather than trying to  address that problem, by the way, which is a costly problem, the  Republicans instead chose to cut $300 billion out of the SNAP program.

They have also cut funding out of a whole range of other nutritional  benefit programs, as well. Before they have a chance to vote again on  their big bill later this week, I urge my Republican colleagues to  correct their mistakes and to vote to protect healthcare. Don't throw  American citizens off of healthcare. We should be protecting their  healthcare and protecting SNAP for millions of Americans.

This is not about undocumented immigrants. Stop that nonsense. This  is about American citizens. Stop these cuts by voting to bring up the  Hands Off Medicaid and SNAP Act.

Mr. McGOVERN.  Simon) to discuss our proposal.

Mr. Speaker, let me respond to the gentlewoman when she wants to know  why the numbers keep on going up in terms of the number of uninsured.  The reason is the Republicans continuously changed their bill and made  it worse. That is why. The majority has made it worse.

The bill that we voted on throws more people off of healthcare. Boy,  that is something to be proud of. There is no denying the fact that  their big, ugly bill cuts SNAP by $300 billion. They cut SNAP by $300  billion.

This is a benefit that, on average, is about $2 per person per meal,  and they cut $300 billion. They want us to believe there will be no  adverse impacts. Everything will just be beautiful. Really? I mean,  come on.

They cut $300 billion out of the SNAP program. That is going to  impact senior citizens, veterans, and children. Let me tell you, the  savings that is going to be garnered from the $300 billion cut that the  Republicans are using to offset the cost of tax cuts for billionaires,  that is going to be very costly because hungry kids don't learn when  they go to school. Senior citizens who take their medication on an  empty stomach end up in an emergency room. People who don't have access  to decent nutrition end up with chronic illnesses that last a lifetime.  Workers who are hungry are less productive in the workforce. That is  what my friends are doing.

Don't give me this garbage about undocumented immigrants. CBO made it  clear that there is no Medicaid funding going to undocumented  immigrants in this country. It is clear. That is a smoke screen so that  people don't focus in on how their big, ugly bill is going to hurt  regular people in this country.

It really is astounding to me. I thought we all came here, no matter  what our politics might be, to help people.

They are pushing forward a bill that is going to hurt people. It is  going to hurt almost everybody in this country except if you are well- off and well-connected. If you are a billionaire, if you are a big  donor, if you hang out at Mar-a-Lago, you are doing fine, but not  everybody else.

The other thing that Republicans are doing is cutting medical  research, cutting NIH. If you want to talk about lifesaving  investments, let's find a cure for cancer. Let's find a cure for  diabetes. Let's find a cure for Alzheimer's. Instead the Republicans  are cutting that research.

Mr. Speaker, I will just take a couple minutes here to talk about  something else because this is a rules debate, and this is something  that I find particularly annoying at this moment.

I will take a moment to talk about process. Perhaps the only  noteworthy thing the Republican majority achieved last Congress was  shattering their own record for the most closed Congress ever. That is  not something you want to be known for.

To be clear, they made history for running the most closed,  antidebate Congress we have ever seen. In total, Republicans issued 115  totally closed rules, meaning 115 times where the House could not  debate a single amendment on the House floor. Republicans basically  told us: nope, no debate, no amendments, no input to make these bills  better. Just do whatever we tell you to do.

This wasn't an accident. It was the whole game plan, a legislative  lockdown that delivered the most unproductive, dysfunctional Congress  in modern American history.

Did they learn anything from it? No, they did not learn a thing. This  Congress they have taken that broken model and somehow made it worse.

As of last night, they have racked up over 50 closed rules in just 5  months. More than 90 percent of the bills they bring up have no  amendments, no discussion, no democracy. It is just take it or leave  it.

At this rate, Republicans are on track to issue over 200 closed rules  this Congress. What are we even doing here?

In just 5 months, we have seen Republican leadership block over 800  amendments. These are amendments that our colleagues, Democrats and  Republicans alike, have submitted to make bills better. Only 14  amendments were selected by Republican leadership to be debated across  just four bills. That is a 98 percent rejection rate. They block 98 out  of every 100 ideas they receive.

What does this look like in practice? It looks like a complete  destruction of the deliberative process. Republicans have blocked--get  this--debate on amendments that would protect SNAP and Medicaid for  millions of Americans and debate on amendments to protect access to the  ballot box, the foundation of our democracy.

They even blocked debate on bipartisan amendments which would provide  a permanent pay fix for Federal wildland firefighters and allow grants  to help with fentanyl prevention and education efforts.

No wonder nobody likes Congress. The issues that are important to the  American people are not even allowed to be debated. As we see here  today, Republicans are okay with debating trivial issues passionately  but important ones not at all.

Mr. Speaker, when I chaired this committee, back when we gave a damn,  we welcomed ideas. We let the House work the way it is supposed to  work. In our first 5 months, Democrats allowed over 25 percent of all  amendments, more than 200 thoughtful proposals to be debated.

Here is the kicker: We gave Republicans more chances to debate their  ideas than their own leaders do. In 5 months, only 6 of the 220  Republicans, over 97 percent of Republicans in this Chamber, have had  an amendment made in order. That is not by mistake. That is a design  flaw; a big one.

I don't understand how my Republican colleagues, some of which were  so excited about having a bigger, better, open process, can say with a  straight face that this is what they wanted. They have no voice in  improving legislation. Amendments that we offered last night were  blocked.

At this point in the 117th Congress, Mr. Speaker, under Democratic  governance, over half of all bipartisan amendments were made in order.  This Congress, we have yet to see a single bipartisan amendment make it  to the House floor this year. Not even one.

Mr. Speaker, this Republican leadership seemed to have forgotten that  this institution is a democratic legislative assembly. Instead, they  are running it like a wannabe authoritarian dictatorship.

I know that Donald Trump speaks admiringly of Vladimir Putin all the  time, but this place is becoming like Russia.

Come on. Have some respect for the House of Representatives. Let's  open this place up a little bit more. This process right now is a  disgrace and the American people deserve so much better than this.

Wow, the gentlewoman is defending this process.

I just want to repeat, when I was chairman, I made one out of every  four amendments in order. My Republican friends are making 1 out of  every 50 amendments in order, and 0 bipartisan amendments.

Again, I don't quite know--well, I guess I do know. I mean, again,  the way the Republican leadership is operating here is that, again, we  don't debate serious proposals on the House floor. They don't want to  have votes. They don't want to have debates. They just want to bring  things to the floor under a closed process and tell people to take it  or leave it. Then they do this other thing of sneaking things in the  rules so we can't even have a vote up or down on major changes.  However, that is not the way this place is supposed to run.

In terms of, again, the Congressional Budget Office, the head of the  Congressional Budget Office, according to The Wall Street Journal, is a  registered Republican. If we are not going to rely on the Congressional  Budget Office for analyses, who are we supposed to rely on? What,  Stephen Miller? I mean, who? I mean, I am just trying to figure out  who. Are we supposed to take your word for it or just take the  President's word for it? I mean, this is a guy who doesn't read  anything. He says he watches everything on TV.

I don't even understand. This new position of the Republican Party is  that there is no such thing as objective analysis unless it always  agrees with them. Well, that is just not the way it is.

In terms of fear-mongering, I mean, your big, ugly bill that you  passed a couple of weeks ago is going to throw millions of people off  of healthcare. It is going to throw--millions of people  are going to lose their SNAP benefits, their nutritional benefits, and  the reason why is because you are making major cuts. It has nothing to  do with undocumented immigrants. You can say that all you want.

The gentlewoman knows that Medicare does not provide healthcare for  undocumented immigrants. She knows that. Republicans know that. They  keep on repeating it anyway because they don't want people to focus in  on the reality. I think the American people are beginning to see  through all of this. Again, they don't like what they see.

Mr. Speaker, I just want to say that it is not just CBO saying that  your big, ugly bill costs trillions of dollars, it is the Joint  Committee on Taxation, Budget Lab at Yale, Penn Wharton Budget Model,  and the right-leaning Tax Foundation. All of them, all of them say that  your big, ugly bill is going to add trillions to the deficit, will  explode the deficit, add to the debt, and that is--I mean, it is just  everybody.

The only people who are saying this is not going to explode the  deficit are my Republican friends here in the House. I think they think  if they keep on saying that it is not going to cost anything, then  people will believe that. That is just not the case.

Mr. Speaker, I hate to tell the gentlewoman this, but every one of  the organizations that I mentioned actually do account for growth. I  have the charts here. I am happy to share them with you. From the Tax  Foundation to the Penn Wharton Budget Model to Budget Lab at Yale to  the Joint Committee on Taxation, here is the graph. I am happy to share  that with you so you can see. If your leadership is telling you that  they don't, then they are not being honest with you about the extent of  this. Mr. Massie, a member of the Republican Party, has also talked  about how your big, ugly bill is going to add trillions to the deficit  and the debt.

Mr. McGOVERN. Mr. Speaker, may I inquire of the gentlewoman, how many  more speakers she has on her side?

Mr. McGOVERN. Mr. Speaker, may I inquire as to how much time is  remaining.

Mr. Speaker, the truth is that these bills are nothing more than  window dressing to cover up a truly grotesque set of priorities. Let's  not forget, Republicans just voted to rip healthcare away from 16  million people, not undocumented immigrants, but 16 million American  citizens. They voted to deny food assistance to children, seniors, and  veterans. They are set to explode the deficit by trillions--trillions-- just to reward their wealthy donors.

Now, with even their own Members having second thoughts and regrets  about that vote, as The New York Times reported last week, they are  desperate to change the conversation. However, these bills, these  distractions won't work because the American people are paying  attention. They see what is happening. They see the cruelty behind  these choices, and they are not fooled. This isn't about policy. This  is about morality, about what kind of country we want to be, about  whether we stand with working families or with billionaires; whether we  choose compassion or cruelty.

I know Democrats will keep fighting. We will keep speaking truth to  power, and we will make damn sure that the public knows exactly who is  responsible when services disappear, when costs go up as a result of  these crazy tariffs, and when families are left behind.

I urge my colleagues to reject these bills, to reject the politics of  distraction, and start doing the hard work the American people sent us  here to do. People want us to fight for them. They want us to be  focused on their priorities, on making their lives better; not on the  priorities of the Elon Musk-wing of the Republican Party, the  billionaire class. They want us to focus in on what matters to them.

Prices are going up, life is hard, and life is challenging. Rather  than dealing with bills that might make their life better, we are  dealing with this stuff. This is crazy. The American people want us to  rise to the occasion, to be about something more than just politics as  usual. This is about people's lives.

I will tell you: We owe the American people much better than this  Congress is delivering. Really, it is shameful that week after week  after week we come up with these distractions that mean nothing in  people's lives. Even worse, we pass this big, ugly bill that we did 2  weeks ago that is going to hurt my constituents and the gentlewoman's  constituents, as well. There is no denying that people will lose their  food benefits and their healthcare benefits in order to pay for tax  cuts for billionaires. It is grotesque.

Mr. Speaker, I urge a ``no'' vote on the previous question. I urge a  ``no'' vote on the rule. If the rule passes, I urge ``no'' votes on all  these damned bills, and I yield back the balance of my time.

Mr. McGOVERN. Mr. Speaker, on that I demand the yeas and nays.

The yeas and nays were ordered.",https://justfacts.votesmart.org/public-statement/1692265/providing-for-consideration-of-hr-prohibiting-voting-by-noncitizens-in-district-of-columbia-elections-providing-for-consideration-of-hr-district-of-columbia-federal-immigration-compliance-act-of-providing-for-consideration-of-hr-protecting-our-nations-capital-emergency-act-and-providing-for-consideration-of-s-halt-all-lethal-trafficking-of-fentanyl-act,2025-06-10,2025-W24,2025-06
Republican,Randy Feenstra,Als Awareness Month,"Mr. FEENSTRA. Mr. Speaker, I rise today to recognize ALS Awareness  Month, to honor those who have lost their lives to this awful disease  and to share my support for our fellow Americans living with ALS.

Last year, I had the opportunity to meet with Lori Hermstad from  Spencer, Iowa, who tragically lost both of her daughters to ALS.

At just 17 and 26 years old, Alex and Jaci Hermstad had their lives  cut short by this horrible disease.

They sadly became the youngest twin girls in history to lose their  lives to FUS-ALS, an even rarer form of this disease.

Lori's resilience in the face of unthinkable loss is inspiring, and  she shared with me the positive memories that she had of her brave  daughters.

Jaci and Alex embraced life with remarkable strength, fearless  hearts, and endless courage. They loved their families, friends, and  faith, and they shared a passion for the outdoors and horses.

Jaci and Alex's bravery in the face of overwhelming odds are helping  to advance science in the ALS community today. Alex's brain tissue was  donated to advance ALS research, and Jaci personally urged lawmakers  and the FDA to fast-track a new personalized drug designed specifically  for her rare and aggressive form of ALS.

These sisters showed us what it means to be courageous, to live with  purpose, and to never stop fighting for others.

In the darkest moments, they were beacons of light.

In honor of Alex and Jaci, and every American living with or who has  lost their life to ALS, we must recommit our efforts to find new cures  and therapies for ALS.

We will never forget Alex and Jaci, and we will continue to fight to  find a cure for this tragic disease.                     congratulating dr. wendy wintersteen

Mr. FEENSTRA. Mr. Speaker, I rise today to congratulate my friend,  Dr. Wendy Wintersteen, on announcing her retirement as president of  Iowa State University.

Under her leadership, President Wintersteen prioritized students, led  the State in research, and advanced Iowa State's incredible reputation.  I have always enjoyed working with her to advance Iowa State's  priorities at the Federal level.

We also worked closely on protecting CIRAS to grow manufacturing in  Iowa and to bring jobs to our rural communities. She played a pivotal  role in supporting our veterinary diagnostic lab and the world-renowned  Ames Laboratory. She will continue to be remembered as a phenomenal  leader for our Iowa State University.

Mr. Speaker, I wish President Wintersteen and her husband, Robert,  all the best in this next chapter of life.                Congratulating High School Seniors Across Iowa

Mr. FEENSTRA. Mr. Speaker, I rise today to congratulate high school  seniors across Iowa who are graduating. This is an incredible milestone  in their life that they will always remember. It marks the conclusion  of 4 years of hard work, perseverance, and personal growth.

Whether they are off to a trade school, community college, a 4-year  university, or heading straight into the workforce, their contributions  to our communities are crucial, and their voices are needed

They are the next generation of leaders, entrepreneurs, and  innovators who will make our State and country a better place.

I especially want to congratulate my daughter, Savannah, who  graduated yesterday and will be attending Iowa State University this  fall.

Savannah's mom and I are so proud of her accomplishments, and I can't  wait to see her future.

I congratulate the class of 2025. Now go chase your dreams.",https://justfacts.votesmart.org/public-statement/1691604/als-awareness-month,2025-05-21,2025-W21,2025-05
Democrat,"Sanford Bishop, Jr.",Concurrent Resolution on the Budget for Fiscal Year 2025,"Mr. BISHOP. Mr. Speaker, the House will vote on the Senate revised  budget resolution this evening.

The budget resolution requires seven House committees to cut a  minimum of $1.5 trillion in mandatory spending combined over the next  decade. Of that amount, at least $880 billion is directed to come from  the House Energy and Commerce Committee. Most budget experts have  agreed that it would require deep cuts in Medicaid to produce these  savings.

In my home state of Georgia, Medicaid is a lifeline for its low- income populations, seniors, disabled individuals, and children. It is  the primary source of long-term care, the single largest payer in the  country for behavioral health services, and a principal source of  insurance for pregnant women and children with disabilities.

One of the proposals that is now being discussed in Congress to  achieve Medicaid savings is adding work requirements. In fact, Georgia  added work requirements to its Medicaid program in July 2023 through  its Pathways to Coverage program. It is currently the only state to  offer Medicaid coverage to low-income adults that is contingent on work  and other qualifying activities.

According to the Georgia Budget and Policy Institute, however, there  have been significant problems since this experiment in Medicaid reform  was established two years ago. It is failing to achieve its two primary  objectives of enrolling people in health care and getting them to work.

Georgia's Pathways to Coverage program is supposed to cover nearly a  quarter-million low-income Georgians who can prove they are working,  studying or volunteering. Only about 6,500 of them, however have been  able to gain and maintain coverage.

In Georgia's Second Congressional District, which I represent, some  of the poorest counties have fewer than 10 enrollees despite having  high percentages of uninsured populations.

The Georgia Budget and Policy Institute also found that Georgia's  Pathways to Coverage program created burdensome red tape and paperwork  for state agencies and Medicaid recipients.

Georgia's experience offers a stark warning for the Nation as  Republicans consider steep Medicaid cuts and work requirements for low- income Americans. The focus must be on increasing enrollment in health  insurance for people who need it. The focus should not be on wasting  taxpayer dollars and creating more administrative burdens.

We want people to be healthy so that they can work. It shouldn't be  the other way around.",https://justfacts.votesmart.org/public-statement/1689905/concurrent-resolution-on-the-budget-for-fiscal-year-2025,2025-04-09,2025-W15,2025-04
Republican,Cynthia Lummis,Artificial Intelligence,The PRESIDING OFFICER (Ms. Lummis). The Senator from Delaware.                               SAVE AMERICA ACT,https://justfacts.votesmart.org/public-statement/1701236/artificial-intelligence,2026-03-24,2026-W13,2026-03
Democrat,Seth Magaziner,Establishing A Select Committee on Aging,"Mr. MAGAZINER. Mr. Speaker, there are more than 60 million Americans  aged 65 and older, nearly 20 percent of our population.

Older Americans face a range of challenges: dealing with rising costs  on a fixed income; getting access to the care they need, housing, and  transportation; dealing with scams and elder abuse; and more.

That is why we must reestablish the Select Committee on Aging in the  House of Representatives, to ensure that older Americans' needs are  being looked at holistically by this body.

The committee existed from 1974 to 1994. Its work led to the passage  of legislation to make nursing homes safer, increase home care  benefits, improve research and care of Alzheimer's, and more. It is  time to bring it back.

Along with Republican Representative Maria Salazar of Florida, I am  reintroducing a bipartisan bill to do just that. I urge my colleagues  on both sides of the aisle to support it for today's seniors and for  future generations.",https://justfacts.votesmart.org/public-statement/1700925/establishing-a-select-committee-on-aging,2026-03-18,2026-W12,2026-03
Republican,Mark Messmer,Rescissions Act of 2025,"Mr. MESSMER. Mr. Speaker, I rise today in support of H.R. 4, the  Rescissions Act of 2025.

For decades, Americans have been waiting for their leadership to  deliver on the promise that fiscal responsibility was on its way.

Wasteful spending of taxpayer dollars has been overlooked for far too  long. For far too many years, leaders have kicked the can down the  road, hoping a future Congress would make the hard decisions required  to stop the financial bleeding.

As a proud Hoosier, I know that if we are doing our best to live  within our means as a family, the government should do no less.

Congress must deliver on the promise of safeguarding American  taxpayer dollars. I am proud to vote today to make this first initial  step to eliminate wasteful government spending.

The Department of Government Efficiency did our country a great  service in lifting the veil on how much fraud, abuse, and terrible  waste of taxpayer dollars is truly happening in our government  agencies.

By passing the Rescissions Act today, I join my colleagues in showing  Americans that we hear them and we know that this change must be made.  It is high time we work toward getting our fiscal house in order, and  this is the first step.",https://justfacts.votesmart.org/public-statement/1692519/rescissions-act-of-2025,2025-06-12,2025-W24,2025-06
Democrat,Nelida Pou,"Providing for Consideration of H.R. Energy and Water Development and Related Agencies Appropriations Act, Providing for Consideration of H.J. Res. Providing for Congressional Disapproval of the Rule Submitted By the Bureau of Land Management Relating to ``Miles City Field Office Record of Decision and Approved Resource Management Plan Amendment''; Providing for Consideration of H.J. Res. Providing for Congressional Disapproval of the Rule Submitted By the Bureau of Land Management Relating to ``North Dakota Field Office Record of Decision and Approved Resource Management Plan''; Providing for Consideration of H.J. Res. Providing for Congressional Disapproval of the Rule Submitted By the Bureau of Land Management Relating to ``Central Yukon Record of Decision and Approved Resource Management Plan''; and for Other Purposes","Ms. POU. Mr. Speaker, across New Jersey and our country, Americans  are struggling with skyrocketing energy costs and are demanding relief.  Yet, that did not stop the congressional Republicans from repealing the  Energy Efficient Home Improvement Credit, a major mistake that could  not have come at a worse time.

Amidst the rising cost of living, Americans are now being denied an  important tool to lower their energy costs solely so billionaires could  get another unneeded tax giveaway. That is why I introduced a  commonsense amendment to study the impacts of tearing this program away  from American homeowners.

I am absolutely disappointed, but not surprised, that the House  majority continues to hide the impacts of their big, ugly bill and  block Americans from seeing how it raises their electric bills.

I came to Congress to lower high costs, and I will not stop working  to lower energy costs for hardworking Americans.",https://justfacts.votesmart.org/public-statement/1694884/providing-for-consideration-of-hr-energy-and-water-development-and-related-agencies-appropriations-act-providing-for-consideration-of-hj-res-providing-for-congressional-disapproval-of-the-rule-submitted-by-the-bureau-of-land-management-relating-to-miles-city-field-office-record-of-decision-and-approved-resource-management-plan-amendment-providing-for-consideration-of-hj-res-providing-for-congressional-disapproval-of-the-rule-submitted-by-the-bureau-of-land-management-relating-to-north-dakota-field-office-record-of-decision-and-approved-resource-management-plan-providing-for-consideration-of-hj-res-providing-for-congressional-disapproval-of-the-rule-submitted-by-the-bureau-of-land-management-relating-to-central-yukon-record-of-decision-and-approved-resource-management-plan-and-for-other-purposes,,,
Republican,Bruce Westerman,Common-Sense Law Enforcement and Accountability Now in DC Act of 2025,"Mr. WESTERMAN. Mr. Speaker, had I been present, I would have voted  YEA on Roll Call No. 299.",https://justfacts.votesmart.org/public-statement/1696993/common-sense-law-enforcement-and-accountability-now-in-dc-act-of-2025,2025-11-19,2025-W47,2025-11
Democrat,Chris Pappas,Recognizing Dinah Whipple,"Mr. PAPPAS. Mr. Speaker, I rise today in recognition of Dinah Whipple  of Portsmouth, New Hampshire, in celebration of Black History Month  Dinah Whipple was a monumental figure for educational equality in the  State of New Hampshire.

Dinah was enslaved until her emancipation at the age of 21. On  February 12, 1781, Dinah married Prince Whipple, who for many years was  enslaved by William Whipple, one of the signers of the Declaration of  Independence.

Dinah Whipple conducted the Ladies African Charitable School for  several decades, providing education for formerly enslaved people and  their children.

Over two centuries later, her legacy still lives on in New Hampshire  with the Dinah Whipple STEAM Academy at the University of New  Hampshire. This program offers underrepresented young teens of color  the opportunity to explore science, technology, engineering, arts,  math, and black history in America for no cost. In addition, the  location of Dinah Whipple's trail blazing school is now a stop on the  Black Heritage Trail of New Hampshire.

On behalf of my constituents in New Hampshire's First Congressional  District, I recognize Dinah Whipple for her selflessness to New  Hampshire's community and history. Now more than ever, it is important  to honor and celebrate the lives of individuals who gave back to our  communities, and Dinah Whipple's legacy and memory must be honored.",https://justfacts.votesmart.org/public-statement/1688247/recognizing-dinah-whipple,2025-02-27,2025-W09,2025-02
Democrat,Kelly Morrison,Women's History Month,"Ms. MORRISON. Mr. Speaker, as we recognize Women's History Month, I  rise, as an OB/GYN, in fierce defense of our Nation's moms and babies.

Right now, the Republican majority in Congress is launching a full  attack on America's families.

Let's start first with where we are in our country. We are facing a  serious and worsening maternal healthcare crisis.

Just look at this map. In more than half of our country, women do not  have a place to go that provides obstetric care. Among peer nations, we  have both the highest rate of maternal deaths and the highest rate of  infant deaths--in the United States of America.

This is a crisis. It is an unacceptable crisis, and it demands  immediate action from our Nation's legislators.

Yet, the Republican majority is shoving a budget through that would  gut Medicaid, which is the single largest payer of maternity care in  our country, in order to give tax cuts to billionaires.

As an OB/GYN who has spent my life caring for women and delivering  babies, let me tell you: It is unconscionable to threaten the care  women receive before, during, and after pregnancy, but that is exactly  what the Republican majority is doing with their budget.

Republicans are choosing to shut down more hospitals and clinics  across the country. Republicans are choosing to make even more of our  country into maternal care deserts. Republicans are choosing to take  healthcare away from moms and babies.

It does not have to be this way. As we celebrate Women's History  Month, I implore the Republican majority to make their policy match  their profamily rhetoric and choose to put America's moms and babies  first.",https://justfacts.votesmart.org/public-statement/1689164/womens-history-month,2025-03-26,2025-W13,2025-03
Democrat,John Mannion,Protect America's Workforce Act,"Mr. MANNION. Mr. Speaker, as our government employees had their  rights violated and were treated poorly, spending is up.

Mr. Speaker, I rise in support of the Protect America's Workforce  Act. I am a proud cosponsor of this bipartisan legislation to restore  collective bargaining rights to hundreds of thousands of Federal  workers.

I was raised in Syracuse, New York, in a union household. My mother  was a proud CWA member at New York Telephone, and my father a proud  union member at New York Central Railroad. I also served as the  president of a 400 member teachers' association union representing  teachers, nurses, school psychologists, and social workers.

Those who have a union worker in their family understand the  guarantee that comes with the union card: fair pay, solid benefits, a  secure retirement, and a real path to the middle class.

The indiscriminate stripping of collective bargaining rights through  executive action was an illegal gray area if not outright unlawful.

This legislation ends that ambiguity. It should never have been a  partisan issue.

Mr. MANNION. I am grateful to my colleagues on both sides of the  aisle for working together toward this meaningful solution. My father  always said that a job is more than a paycheck. It is about dignity.  All work is dignified when providing for your family.

Mr. Speaker, the Protect America's Workforce Act lives up to those  ideals. Behind every family's American Dream is a good job and often a  good union job.",https://justfacts.votesmart.org/public-statement/1697993/protect-americas-workforce-act,2025-12-11,2025-W50,2025-12
Republican,Chuck Grassley,Nomination of Linda McMahon,"Mr. GRASSLEY. Mr. President, the Senate will soon vote to confirm  Linda McMahon to be Secretary of Education.

I know that some people feel that the Secretary of Education should  have extensive experience in a school system; however, it is important  to remember that education is still mostly a State and local  responsibility. There is no such thing as a Federal superintendent of  schools. The U.S. Department of Education doesn't run any schools. Our  many public school systems in this country do not report to Washington,  DC, and Washington also has no authority over what is taught in our  schools around the country.

The job description of a Secretary of Education is to manage a  bureaucracy that runs a number of funding programs. By all accounts,  Linda McMahon did a great job running the Small Business Administration  in the last Trump administration. I have no reason to believe that she  cannot run the Department of Education. I think she understands the  difference between the State and Federal role in education.

I also expect that she understands the difference between the  executive and legislative branches when it comes to the serious  policymaking of education. Congress passes the laws and holds the power  of the purse. We have also the responsibility to make sure that laws  are faithfully executed by the executive branch of government. I expect  Linda McMahon to respond to all the congressional inquiries in a timely  and responsive manner.",https://justfacts.votesmart.org/public-statement/1688387/nomination-of-linda-mcmahon,2025-03-03,2025-W10,2025-03
Democrat,Nydia Velázquez,Investing in Main Street Act of 2025,"Mr. Speaker, I rise in support of the bill before us today, H.R. 754,  the Investing in Main Street Act of 2025.

SBA's Small Business Investment Company program is a multibillion- dollar investment program designed to bridge the gap between a small  business owner's need for capital and traditional sources of financing.  It achieves this purpose by partnering private and public investments  in early-stage startup businesses. It also gives America's small, high- growth companies an opportunity to fund and grow their innovative ideas  and create jobs.

The success of this program can be seen with companies like Apple,  Intel, and FedEx, which all receive early-stage financing from SBICs.  Today, there are 319 SBIC-licensed funds participating in an array of  private investment and private credit strategies.

In 2023 alone, SBIC-licensed funds financed approximately $7.2  billion to 1,142 small businesses and startups across the country,  creating or sustaining more than 130,000 jobs. Importantly, financing  provided by SBIC-licensed funds to women-owned, minority-owned, and  veteran-owned small businesses totaled almost $670 million in 2023, a  25.7 percent increase from 2022.

Yet, we must do more to ensure the program continues to meet demand.  The Investing in Main Street Act of 2025 introduced by my colleagues,  Representatives Chu, Finstad, and McIver, will strengthen and grow the  SBIC program by allowing banks and Federal savings associations to  invest up to 15 percent of their capital and surplus into SBICs.

This change will correct a discrepancy caused by a historical  drafting oversight and bring the Small Business Investment Act of 1958  in line with the Office of the Comptroller of the Currency's national  bank charter percentage requirements.

No bank laws or regulations will be changed or affected by this bill.  It will increase investment capital available to SBICs and allow them  to invest more in small businesses.

Mr. Speaker, I applaud Ms. Chu, Mr. Finstad, and Mrs. McIver's work  on this issue and this bill. I ask my colleagues to support it, and I  reserve the balance of my time.

Ms. VELAZQUEZ.  Chu).

Ms. VELAZQUEZ. Mr. Speaker, I applaud Representatives Chu, Finstad,  and McIver for their bipartisan work on this bill. I encourage all my  colleagues to vote ``yes,'' and I yield back the balance of my time.",https://justfacts.votesmart.org/public-statement/1687917/investing-in-main-street-act-of-2025,2025-02-24,2025-W09,2025-02
Democrat,Gabe Vasquez,Ensuring Veterans Receive Care They Earned,"Mr. VASQUEZ. Mr. Speaker, I rise today to speak on behalf of the men  and women who have served this Nation and defended our freedoms. They  now face unnecessary obstacles in accessing the care and support that  they have earned.

New Mexico is home to a strong and proud veteran community with a  deep military tradition, spanning from Holloman Air Force Base to White  Sands Missile Range and from Kirtland Air Force Base to Cannon Air  Force Base.

We owe it to those who have served to ensure that they can access  healthcare, reliable transportation, and opportunities to succeed in  civilian life.

That is why I am introducing a package of bills focused on real  solutions: expanding healthcare access, improving transportation, and  easing financial burdens for veterans pursuing an education.

No one understands these challenges better than my guest for the  joint address, Master Sergeant Roland L. Cooper. Roland, known to many  back home as ``Coopdawg,'' has spent years fighting for veterans in New  Mexico.

As chairman of the Lincoln/Otero County Veterans Leadership Council,  he has seen firsthand the barriers that rural veterans face: long  travel times for medical care, unreliable transportation, and a system  that too often overlooks them.

His advocacy directly shaped my New Mexico Rural Veteran Health Care  Access Act, which will redraw the Veterans Integrated Service Network  lines. This change will allow veterans in Otero County and Eddy County  to receive care at a closer VA facility in El Paso rather than have to  travel 4 hours to Albuquerque.

Access to care means little if veterans can't get there. That is why  I am also introducing the Rural Veterans Transportation to Care Act,  which expands transportation options for rural veterans so that no one  has to miss an appointment simply because they can't afford the trip.

In rural communities across New Mexico and beyond, lack of  transportation remains one of the greatest barriers to accessing  healthcare. We also need to support veterans transitioning into  civilian life. Education is a key part of that transition for many, but  rising costs are making it harder.

The GI Bill book and supply stipend has remained at $1,000 since  2008, even as the cost of textbooks has skyrocketed. My Veteran  Education Assistance Adjustment Act will increase that stipend to  $1,400, ensuring that no veteran is forced to choose between buying  books or paying their utilities or rent.

These bills were written with input from veterans who have lived  these challenges. Even as we work to strengthen these resources, recent  job cuts at the Department of Veterans Affairs are making access even  harder.

Already, 2,400 VA employees have been dismissed. Another 1,400 were  fired after them. These cuts include doctors, mental health  professionals, and benefits processors. These are critical roles that  veterans rely on. Behind these numbers are real people, real  consequences, and real veterans waiting longer for care.

VA employees have come forward anonymously, warning that these job  cuts are affecting veterans' care and leading to many errors. Some of  the people let go were even working on the veterans suicide crisis  hotline.

VA services are already stretched thin. These job losses are making  it worse. That is why I am proud to introduce these crucial bills and  to host Roland ``Coopdawg'' Cooper today.

This is about the veterans in Otero County and Eddy County and all  rural veterans who shouldn't have to choose between buying textbooks  and paying rent or spending half a day on the road just to see a doctor  for 20 minutes. It is about every veteran who has served this Nation  with honor and deserves a government that stands with them, not one  that makes them fight for the benefits that they have already earned.

Mr. Speaker, I urge my colleagues to support these bills. Let's  ensure that veterans in my district and other rural districts across  the Nation receive the care, benefits, and opportunities that they have  earned because it should mean something when we say: ``Thank you for  your service.'' It is our duty to back that up here in Congress.",https://justfacts.votesmart.org/public-statement/1688352/ensuring-veterans-receive-care-they-earned,2025-03-03,2025-W10,2025-03
Republican,Bruce Westerman,Reversionary Interest Conveyance Act,"Mr. WESTERMAN. Mr. Speaker, I move to suspend the rules and pass the  bill (H.R. 952) to convey the reversionary interest of the United  States in certain land in Sacramento, California.

The Clerk read the title of the bill.

The text of the bill is as follows:                                  H.R. 952

Be it enacted by the Senate and House of Representatives of       the United States of America in Congress assembled,       SECTION 1. SHORT TITLE.

This Act may be cited as the ``Reversionary Interest       Conveyance Act''.       SEC. 2. CONVEYANCE OF UNITED STATES INTEREST IN CERTAIN LAND.

(a) Definitions.--In this section:

(1) Covered land.--The term ``covered land'' means the       approximately 8.43 acres of land under the administrative       jurisdiction of the Bureau of Land Management in Sacramento,       California, as generally depicted as ``Proposed Easements to       be Released'' on the map titled ``Lands Proposed for Release       from Any and All Reversionary Interests of the United States,       including interests under the Act of July 1, 1862 (12 Stat.       489)'', dated November 7, 2022.

(2) Buyer.--(A) The term ``buyer'' means the owner of       record of any of the parcels included in the covered land at       the time of the requested conveyance.

(B) Buyer may only request and purchase the covered land's       reversionary interest for the parcels of which the owner is       the owner of record at the time of request.

(3) Reversionary interest.--The term ``reversionary       interest'' means all reversionary interests of the United       States in the covered land.

(4) Secretary.--The term ``Secretary'' means the Secretary       of the Interior, acting through the Bureau of Land       Management.

(b) Conveyance.--Not later than two years after the       Secretary receives a request from the buyer, the Secretary       shall offer to the buyer the applicable reversionary interest       subject to the requirements in subsection (c), and shall       convey the lands to buyer upon payment of the appraised       value.

(c) Requirements.--Any conveyance under this section--

(1) shall be subject to valid existing rights; and

(2) shall be for not less than fair market value.

(d) Payment of Fair Market Value.--The Secretary shall       determine the fair market value of the applicable       reversionary interest--

(1) in accordance with the Federal Land Policy and       Management Act of 1976 (43 U.S.C. 1701 et seq.); and

(2) based on an appraisal that is conducted in accordance       with--

(A) the Uniform Appraisal Standards for Federal Land       Acquisitions; and

(B) the Uniform Standards of Professional Appraisal       Practice.

(e) Costs.--In addition to the fair market value determined       under subsection (d), the buyer shall pay all costs related       to the applicable conveyance of the reversionary inter est,       including all surveys, appraisals, and other administrative       costs.

(f) Proceeds From the Sale of Land.--The proceeds from the       sale of the applicable reversionary interest shall be--

(1) deposited in the Federal Land Disposal Account       established by section 206(a) of the Federal Land Transaction       Facilitation Act (43 U.S.C. 2305(a)); and

(2) used in accordance with that Act.       SEC. 3. STATUTORY CONSTRUCTION.

Nothing in this Act shall--

(1) diminish the right-of-way associated with the covered       land in section 2 to a width of less than 50 feet on each       side of the center of the main track or tracks established       and maintained by the Southern Pacific Transportation Company       on the date of the enactment of this Act; or

(2) validate or confirm any right or title to, or interest       in the land referred to in section 2 arising out of adverse       possession, prescription, or abandonment, and not confirmed       by conveyance made by the Southern Pacific Transportation       Company before the date of the enactment of this Act.

Mr. WESTERMAN.  952, the bill now under  consideration.

Mr. Speaker, I rise today in support of Representative Matsui's bill,  the Reversionary Interest Conveyance Act. This legislation previously  passed the House by voice vote last December.

This bill resolves the stubborn property law issue afflicting a small  parcel of land in California. The current owners of an eight-acre  property in Sacramento recently discovered a reversionary interest on  their land, which a railroad company originally conveyed. The  reversionary interest, which dates back to the days of the  transcontinental railroad in the 19th century, requires the land to  revert to ownership by the United States since it is no longer used for  railroad purposes. Because of this outdated encumbrance, the owners of  this property are limited in their ability to develop or sell the land.

The Bureau of Land Management, which would inherit the property  through the reversion, does not want to manage the land in question.  Since the agency can't extinguish the reversionary interests  unilaterally, the BLM has encouraged Congress to address the issue  through legislation.

H.R. 952 would resolve this conflict by requiring the Bureau of Land  Management to convey the reversionary interest to the private  landowners for fair market value. This bill will free up the land for  economic development and prevent further Federal interference. It is a  good governance bill that supports the local community, encourages  economic development, and reduces the burden on the Federal Government.

Mr. Speaker, I thank Representative Matsui for this effort on behalf  of her constituents. I support this bill and reserve the balance of my  time.

This is straightforward legislation that will help private property  owners develop their land without interference from the Federal  Government. I support this bill and note that it unanimously passed the  House last Congress.",https://justfacts.votesmart.org/public-statement/1691119/reversionary-interest-conveyance-act,2025-05-13,2025-W20,2025-05
Republican,Darin LaHood,"Congratulating John W. Rauber, Jr. on His Retirement After 25 Years of Distinguished Service At John Deere Company","Mr. LaHOOD. Mr. Speaker, today, I rise to recognize John W. Rauber,  Jr., and congratulate him on his retirement after 25 years of  distinguished service at John Deere. Joining Deere in 2000, John played  an instrumental role in John Deere's U.S. and International Government  Affairs and International Finance Teams, serving most recently as  Regional Director & Counsel for Government Relations, and led the  global Government Affairs organization.

At John Deere, John helped strengthen business opportunities for  dealers globally, develop innovative solutions for Deere customers, and  build public affairs operations in Europe, Asia, and South America.  John was instrumental in developing sound public policy to support the  agriculture' community in Illinois, the Midwest, and throughout the  United States--advocating for key provisions in the Farm Bill and  prioritizing broadband connectivity for precision agriculture.

Throughout his career, John has been known in Washington and around  Capitol Hill for his effective advocacy, dedication, and leadership.  He's been a trusted colleague and friend--well respected by Members of  Congress on both sides of the aisle and his peers in Washington. A  consummate professional, John was a reliable resource to those who  sought advice or counsel. No matter one's role, John treated those  around him fairly and with respect, providing mentorship and guidance  to those in need.

As native of Bethesda, Maryland, John's roots run deep in the greater  Washington, D.C., area. Graduating from Georgetown University and  George Washington University Law School, John has committed his life to  serving his community and giving back to those who helped him along the  way. Above all else, I know what John enjoys most is being a loving  husband to his wife Diane, and an incredible father to their four sons,  John, David, Michael, and Andrew. In retirement, John will continue to  serve his community, enjoy his summers at the beach, and complete his  10th Boston Marathon.

I want to extend my sincere congratulations to John for his  distinguished career and significant contributions to John Deere--which  will leave an indelible mark on a great American and Illinois  manufacturer. I wish John, and his wife Diane, all the best as he  enters the next chapter in his life.",https://justfacts.votesmart.org/public-statement/1699462/congratulating-john-w-rauber-jr-on-his-retirement-after-25-years-of-distinguished-service-at-john-deere-company,2026-01-30,2026-W05,2026-01
Republican,John Thune,Appropriations,"Mr. THUNE. Mr. President, at the start of this week, I said that the  Senate would be focusing on government funding this month. We have a  January 30 deadline to get the job done and avoid another government  shutdown. We have already passed one package of three appropriations  bills that was signed into law in November. Now we need to finish our  work.

Later today, the House is expected to consider another package of  three bills: Commerce, Justice, and Science; Energy and Water  Development; and Interior and Environmental appropriations.

These three bills were crafted with bipartisan input from both the  House and the Senate. The Trump administration supports this package. I  expect we will see robust bipartisan support for these bills in today's  House vote.

This three-bill package advances some important priorities. It funds  programs that support law enforcement,  promotes public safety in communities across America, invests in  critical infrastructure projects, and it supports efforts to unleash  American energy to provide affordable energy supply to the American  people.

There is one more thing about this package that is significant. It  spends less money than a continuing resolution. That is right. This  bill spends less taxpayer money than if we passed another CR or  continuing resolution to fund these Agencies. That is not an accident.  That is what we can accomplish when we make appropriations a priority,  when we put in the work, make tough choices, and put it up for a vote.

Appropriations is one of our core responsibilities, but it hasn't  always been treated like the priority that it is. In too many cases in  the past, massive omnibus bills were being written behind closed doors.  That is not how I want to do things. When I became majority leader, I  made it clear that I wanted appropriations to get the attention that it  deserves, and we made some solid progress on this front in this  Congress. We considered appropriations bills through regular order and  passed three Senate appropriations bills before the August work period,  something that hadn't been done going back to 2018.

We should be considering bills through regular order, a process that  allows all Senators an opportunity to make their voice and the voices  of their constituents heard. It is not just a better process; it  creates a better product too.

When we receive this next package from the House, there is no reason  that we can't take it up and pass it quickly here in the Senate. As I  said, this bill was written with input from both parties in both the  House and the Senate. It has the backing of the Trump administration.  It advances a number of important priorities, and it actually spends  less than if we just expended Biden-era spending levels for these same  Agencies.

Once we finish this package, we have more work to do. Appropriators  are working to finish the remaining bills for fiscal year 2026. One of  those is the Defense appropriations bill--which is an especially  important priority--to ensure that our military has the funding and  certainty it needs to maintain and modernize its capability, support  Americans serving in uniform, and protect our national security.

We don't have time to waste. It will require cooperation to ensure we  can keep making progress as the end of the month approaches. I want to  be clear that January 30 means January 30. We can't afford another  extension. As soon as we finish, work will begin on the next  appropriations cycle, starting with the President's budget request for  fiscal year 2027.

We have done a lot of good work on appropriations this past year. I  want to thank our colleagues on the Appropriations Committee,  especially Chair Collins, for their hard work throughout the year. This  work isn't easy, but it is important, and it is a responsibility we  need to take seriously. I know they all do. Let's get fiscal year 2026  funding done and keep up the progress as we begin the process for  fiscal year 2027.",https://justfacts.votesmart.org/public-statement/1698828/appropriations,2026-01-08,2026-W02,2026-01
Republican,Robert Aderholt,Recognizing the 36th Anniversary of Black January,"Mr. ADERHOLT. Mr. Speaker, this month, our friend and partner, the  Republic of Azerbaijan marks the 36th anniversary of ``Black January.''

This period symbolizes the beginning of the end of Soviet rule over  Azerbaijan, an occupation that lasted for much of the 20th Century.  This was a time of oppression and horror. But uncowed by the evil of  communism, the people of Azerbaijan yearned for freedom.

On January 19, 1990, violence erupted in Azerbaijan's capital city of  Baku where Soviet troops killed over 100 Azeri demonstrators and  wounded another 700. Undeterred, the people of Azerbaijan continued  their peaceful protests until declaring independence from the U.S.S.R.  on October 18, 1991.

Now, 36 years on from this tragedy, Azerbaijan can celebrate this as  the first year of sustained peace since gaining its independence. With  the assistance of the American President, the end of the Armenia- Azerbaijan conflict promises to be a turning point for the region.

I ask my colleagues to join me in commemorating the events of Black  January in Azerbaijan and honoring those who lost their lives in  pursuit of freedom. Further, please join me in thanking President  Donald J. Trump for his work to secure peace and prosperity with our  friend and partner. The United States continues to stand with the  people of Azerbaijan and their right to live free.",https://justfacts.votesmart.org/public-statement/1699195/recognizing-the-36th-anniversary-of-black-january,2026-01-20,2026-W04,2026-01
Republican,French Hill,Anti-Cbdc Surveillance State Act,"Mr. HILL of Arkansas. Mr. Speaker, pursuant to House Resolution 580,  I call up the bill (H.R. 1919) to amend the Federal Reserve Act to  prohibit the Federal reserve banks from offering certain products or  services directly to an individual, to prohibit the use of central bank  digital currency for monetary policy, and for other purposes, and ask  for its immediate consideration in the House.

The Clerk read the title of the bill.

Mr. HILL of Arkansas.  1919.

This bill has been before us in this House Chamber. We debated it in  the last Congress. It has had the outstanding leadership support and  advocacy by our majority whip here in the House, Mr.   Tom Emmer of  Minnesota. I rise in strong support.

At stake is a fundamental choice about the future of money in  America, a choice between freedom or government control. Central bank  digital currencies, or CBDCs, put the government at the center of every  financial transaction: monitoring, controlling, and possibly  restricting how Americans could use their own hard-earned money. An  American Government-controlled digital dollar threatens to open the  door to government overreach here at home.

It would threaten individual privacy and stifle innovation by  undermining progress that we have seen from private-sector solutions  like we just talked about on the House floor, privately issued U.S.  dollar-backed payment stablecoins.

That is a continuation of the evolution of the private-sector guiding  the expanse of our money, how we use our money to make payments,  formerly starting out with cash. We wrote checks. We use debit cards  and ATM cards at the point of sale. We use credit cards. We can send  money by wire transfer or by an electronic check. The private sector  has innovated all along that continuum of financial technology, and  that is why today we don't want the Fed to drive that, to potentially  control it, to issue it, for individuals to bank at the Fed and be  subject to these risks to privacy or surveillance. Let's stick with the  approach of private-sector solutions.

We have already seen small glimpses of this possibility under the  prior administration. The chair of the House Financial Services  Subcommittee for Oversight and Investigations,  Dan Meuser of  Pennsylvania, has been having a robust discussion about the debanking  policies of the prior administration for politically disfavored  industries.

The capability for the government then to follow on and directly  freeze or delete Americans' funds on a whim is not compatible with our  values, our cherished freedoms, our way of life, or even the past  approach to the evolution of payments in our country.

Moreover, a government-run digital dollar would put the Federal  Reserve potentially in direct competition with the private sector.  Further, a CBDC would create unnecessary risks by consolidating  financial power within the Federal Government, limiting choice and  threatening the very innovation that made American financial markets  the strongest in the world.

For all these reasons, I am thankful that consistently my friend, our  colleague, Majority Whip   Tom Emmer, has been leading the charge to  prohibit the implementation of a U.S. central bank digital currency. I  thank him for the work he has done to elevate this issue in the  Congress and bring this bill before us once again for a vote on this  House floor.

I hope all my colleagues can recognize that Article I determines how  we issue money and how we value it, that that is a power of the  Congress, and that we are not delegating it to the executive. We  control that in Article I. This bill says that you can't issue a CBDC  without that specific explicit authority and direction from the  Congress.

Mr. HILL of Arkansas. Mr. Speaker, I include in the Record the  Congressional Budget Office estimate for this bill.

H.R. 1919, ANTI-CBDC SURVEILLANCE STATE ACT, AS REPORTED BY THE HOUSE              COMMITTEE ON FINANCIAL SERVICES ON MAY 6, 2025 ------------------------------------------------------------------------                                           By fiscal year, millions of                                                    dollars--                                      -----------------------------------                                          2025      2025-2030   2025-2035 ------------------------------------------------------------------------ Direct Spending (Outlays)...........          0           0           0 Revenues............................          *           *           * Increase or Decrease (-) in the               *           *           *  Deficit............................ Spending Subject to Appropriation             0           0           0  (Outlays).......................... ------------------------------------------------------------------------ * = between -$500,000 and $500,000.

Increases net direct spending in any of the four       consecutive 10-year periods beginning in 2036? No.

Increases on-budget deficits in any of the four consecutive       10-year No periods beginning in 2036? No.

Statutory pay-as-you-go procedures apply? Yes.

Mandate Effects:

Contains intergovernmental mandate? No.

Contains private-sector mandate? No.

H.R. 1919 would prohibit the Federal Reserve banks from       providing products or services directly to individual       consumers and from maintaining such accounts on their behalf.       The bill also would prohibit testing, studying, developing,       creating, or implementing a central bank digital currency and       bar the banks from using such a currency to implement       monetary policy.

The bill's prohibition on the Federal Reserve studying the       use of digital currency would result in administrative cost       savings. Such savings increase remittances from the Federal       Reserve to the Treasury, which are recorded in the budget as       revenues. CBO estimates that enacting the bill would increase       revenues by an insignificant amount over the 2025-2035       period.

The CBO staff contact for this estimate is Nathaniel       Frentz. The estimate was reviewed by H. Samuel Papenfuss,       Deputy Director of Budget Analysis.                                                  Phillip L. Swagel,                             Director, Congressional Budget Office.

Mr. HILL of Arkansas. Mr. Speaker, I have the pleasure to introduce  the author of this important legislation, and I yield 4\1/2\ minutes to  the gentleman from Minnesota (Mr. Emmer), the majority whip of the U.S.  House of Representatives.

Mr. HILL of Arkansas. Mr. Speaker, I am prepared to close, and I  reserve the balance of my time.

Mr. Speaker, first, I will thank the members of the House Financial  Services Committee and the members of the House Agriculture Committee  for all the work that they have put in on both sides of the aisle. It  was significant hours for multiple years, basically the last three  Congresses, in thinking through what is the future of digital assets,  how are they best regulated, what is the role of United States  Government in oversight, what is the future of money in terms of the  use of a blockchain.

Members in these committees have worked extensively. Likewise over in  the Energy and Commerce Committee, the idea of blockchain technology at  large outside financial institutions has garnered a tremendous amount  of bipartisan work.

This House wants to make sure that we prepare this country for a  prosperous, free, open Web3 technology as we go into seeing the  benefits of writing applications on a blockchain. We will see  competition in blockchains, just as we saw competition in operating  systems in computing. I think that breeds a lot of excitement.

No one can actually do that if we don't have clear rules of the road.  We have spent this morning debating those rules of the road.

The CLARITY Act that we debated on this House floor provides that  market framework for the use of digital assets, custodying digital  assets, investing in digital assets, or dealing or raising capital  around them. It clearly defines what should be treated as a commodity  versus what should be treated as a security.

We talked about that important payment device on a blockchain for use  in that marketplace that is outlined in the CLARITY Act. That is a  dollar-backed stablecoin.

We want the U.S. to dominate in financial technology and payments,  just as we do for the vast majority of payments around the world in  dollars. That is delivered by the bipartisan work in the Senate on the  GENIUS Act.

I want to start by thanking those Members. I also recognize the  incredibly hardworking staff members on the House Committee on  Agriculture and the House Committee on Financial Services who have  worked together unbelievably, capably, cooperatively, and effectively  over these last two Congresses, as they did at the height of the  cleanup from the financial crisis in 2008 when House Financial Services  and the Agriculture Committee came together to write rules about the  swap market.

I particularly thank Nick, Jack Jackson, Lindsey, and Paul on the  staff at the House Agriculture Committee. They did great. I thank Nick,  Allison, and our team at House Financial Services for their staff  leadership.

Mr. Speaker, this bill we are debating today is essential. The  ranking member seems to think that I am interested in the subject of a  central bank digital currency, and I am. I have spent the better part  of the last 5 years studying central bank digital currencies outside  the United States and talking to officials inside the United States  about whether that is a good idea or a bad idea.

Over those years, it is not out of ignorance that I have come to the  conclusion that it is a bad idea. One of the contributing factors to my  determining that I don't believe it is an idea whose time has come, to  supplement private-sector innovation in this Nation, is actually  Congressman  Jim Himes' white paper that he shared with me years ago. I  thought it was well-written, and it was another indication that this  was not the direction to go in.

Since that time, I have visited with other central banks around the  world, in Europe and other places, that make me even more certain that  we should rely on private-sector innovation that, in turn, can create  the tokenized money, which we have talked about all morning, but  doesn't do it in a way that can surveil your work, take over your life,  have outcomes that you heard from Congressman Davidson and Congressman  Emmer, about the examples of debanking that we witnessed in Canada or  the policy debanking we witnessed in the Obama administration and, to a  degree, the Biden administration.

Americans have made it clear: We don't want the Federal Government  controlling how we spend, save, or send our money in our personal  lives. We have witnessed firsthand the dangers when government wields  that power unchecked, and you heard examples of that this morning.

Americans want and deserve control over their own money, and we have  tried to institutionalize that in all the work we have done in both of  these committees in this digital assets innovation and reform space.

We believe in self-custody. I have self-custody in the analog world  of cash and investments. Why can't I have that custody, that self- control, in my digital financial space? I don't understand why one  can't recognize the authorities that we have on our person-- constitutionally guaranteed, guaranteed by law--in an analog context?  Why can't we demand the same?

Mr. Speaker, I urge my colleagues to join me in supporting this bill,  and I yield back the balance of my time.",https://justfacts.votesmart.org/public-statement/1693731/anti-cbdc-surveillance-state-act,2025-07-17,2025-W29,2025-07
Democrat,Laura Gillen,Accessing Healthcare for First Responders and Survivors,"Ms. GILLEN. Mr. Speaker, I have the privilege of representing  thousands of 9/11 first responders and survivors who live in New York's  Fourth Congressional District.

For years, they have fought to get access to the healthcare that they  desperately need and unquestionably deserve. They have traveled to  Washington countless times, even those that are sick and dying, to urge  Congress to pass a permanent funding fix for the World Trade Center  Health Program.

These heroes who saw us through one of the darkest days in our  Nation's history have spent two decades begging Congress to act. No one  in the 9/11 community should ever have to worry about accessing the  healthcare that they require.

I was outraged to see this funding excluded from the yearlong  spending bill that was just passed earlier this month. Our first  responders and survivors can't wait for action.

I am proud to help lead the 9/11 Responder and Survivor Health  Funding Correction Act, alongside a bipartisan group of my colleagues,  to right this wrong.

Mr. Speaker, our Nation promised to never forget, but every delay in  funding tells the 9/11 community something different. It is time to  act.",https://justfacts.votesmart.org/public-statement/1689387/accessing-healthcare-for-first-responders-and-survivors,2025-04-01,2025-W14,2025-04
Democrat,Joe Neguse,It is Time for the Corruption to End,"Mr. NEGUSE. Mr. Speaker, I rise today to sound an alarm, to sound an  alarm about something dangerous and dark and pernicious that is  happening inside our government. I recognize there are only a handful  of my colleagues in the Chamber to hear that alarm and a few folks in  the gallery, but I pray that Americans writ large will hear it.

George Orwell in his famous book ``1984'' wrote of a time when ``The  party told you to reject the evidence of your eyes and ears. It was  their final, most essential command.'' His warning proved pressing  because today the Trump administration asks the American people to  ignore what they see with their own eyes and what they hear with their  own ears, which is the complete corruption of their government from the  inside out.

The Trump administration's pay-to-play schemes are literally ripping  off hardworking American taxpayers as we speak. We see the evidence  everywhere: A $10 billion payout that Donald Trump, the President of  the United States of America, now demands from his own Treasury  Department in a lawsuit that he filed against the IRS.

By the way, who does he demand pay him this $10 billion? The American  taxpayer. The countless pay-to-play schemes and vanity projects that  have consumed his administration, all paid by American taxpayers, are  stripping the pocketbooks of Americans to line their own.

Last weekend, The New Yorker reported that the President and his  family have raked in $4 billion in personal profits by leveraging the  Presidency. Let's think about that, $4 billion.

The most salient example of this, by the way, we just learned about  in the last 7 days. It was an expose by The Wall Street Journal about a  scheme that the Trump administration engaged in last year.

The Trump family, according to these public reports, sold a 49  percent stake in their crypto company to a member of the Emirati royal  family. They did so for nearly half a billion dollars.

We don't know every detail of this transaction. We do know that the  Trump family received $187 million from that transaction, a payday  entangling the President's financial interests with a foreign country.

Months later, we know that the Trump administration approved a crypto  deal with the UAE that included transferring advanced U.S. technology  and AI chips.

Mr. Speaker, this is corruption, plain and simple.

It is the prioritization of personal profit over the national  security interests of our country, the country we all love so dearly.

It is wrong. It is immoral, and my colleagues on the other side of  the aisle say nothing. Worse, some of them defend this conduct,  notwithstanding that they know it is unlawful, that it is violative of  our Constitution.

We have an Emoluments Clause, Mr. Speaker, for a reason. The Foreign  Emoluments Clause was one of the few provisions to survive and be  transferred from the Articles of Confederation to the Constitution in  1787. It was contemplated for precisely a scenario as this one.

George Mason, one of our Founding Fathers during the Constitutional  Convention, warned his fellow delegates that ``if we do not provide  against corruption, our government will soon be at an end.'' His words  are as true today as they were when he said them 240 some-odd years  ago.

It is shameful the lack of courage from my Republican colleagues. It  is repugnant to the constitutional order that we all have been sworn to  defend, to protect, and to vindicate.

The question I have, Mr. Speaker, for my Republican colleagues and  for every American of good faith is: When is enough enough? How many  sweetheart deals will Republicans refuse to condemn?

The corruption must end, Mr. Speaker. The corruption must end.",https://justfacts.votesmart.org/public-statement/1699746/it-is-time-for-the-corruption-to-end,2026-02-04,2026-W06,2026-02
Republican,Cynthia Lummis,Unanimous Consent Request--Fisher Nomination,"Ms. LUMMIS.  189, and I make a point of  order that the nomination was not properly reported.",https://justfacts.votesmart.org/public-statement/1695084/unanimous-consent-request-fisher-nomination,,,
Republican,"Richard Hudson, Jr.",Communications Security Act,"Mr. HUDSON. Mr. Speaker, had I been present, I would have voted YEA  on Roll Call No. 196.",https://justfacts.votesmart.org/public-statement/1693524/communications-security-act,2025-07-15,2025-W29,2025-07
Republican,Aaron Bean,Recognizing City Rescue Mission,"Mr. BEAN of Florida. Mr. Speaker, what does it take to change a city?  Sometimes it starts with a cup of soup.

Eighty years ago, in Jacksonville, Florida, three businessmen did  exactly that. They walked the streets handing out soup to men who had  nowhere else to turn--no fanfare, no program, just compassion in  action.

From that small act in 1946 grew the City Rescue Mission, an  institution that has spent eight decades restoring hope to men, women,  and families facing homelessness, addiction, hunger, and hardship.

What began as a small ministry has grown into a comprehensive network  of services that provides emergency shelter, recovery programs, job  training, medical care, and lifelong transformation for thousands of  people in northeast Florida.

For 80 years, the mission has reminded our community of a simple  truth: The strength of a city is measured not by the buildings or the  economy but by how it cares for those struggling the most.

On May 7, the City Rescue Mission will celebrate--how about this, Mr.  Speaker--its 80th anniversary with a dinner honoring its legacy and  looking toward the future.

The real story isn't the anniversary. It is the thousands of lives  changed because someone cared enough to act.

Mr. Speaker, may God continue to bless the men and women who have  been a part of the mission and continue to this day to be a part of  that mission. To think, Mr. Speaker, it all started with three people  walking through the streets of Jacksonville, carrying nothing but soup.  Sometimes the smallest acts of service create the biggest change.                                 honoring green berets

Mr. BEAN of Florida. Mr. Speaker, across the world today, brave men  and women servicemembers are standing watch, protecting our freedoms,  and defending the liberties we all hold dear.

Among them is a group of soldiers whose mission is often carried out  far away from the spotlight, and they would prefer it that way. They  are known as the Quiet Professionals.

They are the men and women of the United States Army Special Forces,  the Green Berets. They serve in some of the most demanding environments  on Earth, often behind the scenes, carrying out difficult missions that  protect American interests and defend freedom for the people they  probably will never meet.

This April, the northeast Florida community will gather at the  Jacksonville National Cemetery to unveil a memorial honoring these  extraordinary soldiers. Many Green Berets from units such as the 7th  Special Forces Group, who have lived, trained, served, and now, in some  cases, rest there, are among the patriots who answered our Nation's  call. This monument will stand as a lasting tribute to their courage,  their sacrifice, and the families who carry the burdens of service  alongside them.

Mr. Speaker, the Green Berets live by a simple motto: De Oppresso  Liber, To Free the Oppressed. They have never sought recognition, but  now it is our honor to give it to them.",https://justfacts.votesmart.org/public-statement/1700812/recognizing-city-rescue-mission,2026-03-17,2026-W12,2026-03
Republican,"GT Thompson, Jr.",Supporting Our Nation's Children with Disabilities,"Mr. THOMPSON of Pennsylvania. Mr. Speaker, I rise today in support of  crucial, bipartisan legislation that will support our Nation's most  vulnerable. The IDEA Full Funding Act is a bipartisan, commonsense  commitment to our Nation's children who are living with disabilities.

This is not just about dollars and cents. It is about fulfilling a  promise made 50 years ago to ensure that every child, regardless of  ability, has access to a quality education that prepares them for a  full and productive life.

When Congress passed the Individuals with Disabilities Education Act  in 1975, it was a landmark step toward educational equity. The Federal  Government pledged to cover 40 percent of the excess costs of special  education services.

Yet, for decades we have fallen short of promised funding levels,  which have hovered around 13 to 15 percent, leaving States and local  school districts struggling to make up the difference.

This shortfall forces schools to stretch their already limited  resources, meaning fewer special education teachers, outdated  instructional materials, and less support for students who need it  most.

The burden does not just fall on the schools. It affects families,  educators, and, ultimately, the success of our communities. At the  Education and Workforce Committee last week, we just heard about the  exciting new opportunities artificial intelligence presents to advance  education for students with special needs. However, many of those  opportunities will not be realized if Congress does not live up to its  commitment.

The IDEA Full Funding Act ensures that we meet that commitment,  gradually increasing Federal support until we reach the promised 40  percent. It is not just good policy to invest in our Nation's future  and ensure students with disabilities have access to a high-quality  education. It is the right thing to do.

Full funding will provide critical resources to schools, enabling  students with disabilities to receive services and support that they  need. It will reduce financial strain on States and local districts,  preventing them from having to cut other essential programs. This  legislation supports teachers and staff, ensuring that they have the  tools and the training to deliver high-quality special education.

Lastly, and most importantly, it gives families peace of mind,  knowing their children will receive the education they deserve without  unnecessary hurdles.

Investing in special education is an investment in future taxpayers,  workers, and independent citizens who contribute to society. By fully  funding IDEA, we alleviate the pressure on States and local governments  thereby strengthening our education system.

Mr. Speaker, we have an obligation to every student in this country.  When we fail to meet our commitment under IDEA, we fail millions of  children who deserve a fair shot at success. Passing the IDEA Full  Funding Act is a step toward fairness, responsibility, and a brighter  future for all.

Mr. Speaker, I urge my colleagues to support this essential  legislation.",https://justfacts.votesmart.org/public-statement/1689683/supporting-our-nations-children-with-disabilities,2025-04-07,2025-W15,2025-04
Democrat,Suzanne Bonamici,Challenges Facing Our Students,"Ms. BONAMICI. Mr. Speaker, as someone who has dedicated years of my  career to education striving to create a better future for children, I  find it disturbing and ironic that my colleagues in the majority pass  bills that they say are to protect students but, in fact, do nothing to  address the real challenges children are facing in schools today.

The majority is willing to pass a bill to protect students from the  Chinese Communist Party, something no parent or educator has ever  mentioned to me, but not willing to address gun violence, increasing  behavioral health needs, or, importantly, the stress and fear that the  Trump administration has created by giving ICE free range to raid  sensitive locations, including schools.

Don't take my word for it. Listen to the words of a fourth grade  student in Oregon who wrote me this letter:

``Hi. I am a local student, and I am in fourth grade. Ever since the  rules were changed to allow ICE agents to enter schools, I have felt  scared for my safety and the safety of my classmates, friends, and  neighbors. I feel scared and distracted in class sometimes because I am  worried ICE might come in our school. I worry what might happen to me  if I refuse to answer their questions to protect my friends and  classmates. I also worry about ICE agents trying to talk to me on the  bus ride from school. I worry about what I should do if ICE agents come  up to my neighbors when I am walking with them home from the bus stop.  Some of the things I worry about are: Do I hide my friends if they are  getting taken? If ICE enters my school and takes someone, what will the  school do? If ICE takes my classmate, what should I do? Where does ICE  take people? And what do I do if my friends come home to an empty house  because their family got deported?

``I wish I did not have to worry about these things, and I wish even  more that my friends, classmates, and neighbors did not have to either.  Thanks for your time.''

Mr. Speaker, this administration said they were going to go after  dangerous criminals and drug dealers, but what they are doing instead  with this disastrous mass deportation effort is creating fear and  stress across the country including among young children.

``I wish I didn't have to worry about these things,'' the student  said. So do I and so should anybody in this body with an ounce of  compassion. These are kids. Let that sink in, and let's do what we need  to do to truly protect students.",https://justfacts.votesmart.org/public-statement/1689733/challenges-facing-our-students,2025-04-08,2025-W15,2025-04
Republican,Elise Stefanik,Recognizing Clinton Community College Day,"Ms. STEFANIK. Mr. Speaker, I rise today to recognize May 22, 2025, as  Clinton Community College Day.

Clinton Community College was established in 1966 by the Clinton  County Board of Supervisors on the grounds of the old Hotel Champlain  on Bluff Point in Plattsburgh, New York, under Governor Nelson  Rockefeller's Administration. The College opened its doors to 216  students in 1969 and graduated its first cohort of students in 1971.

The College has since expanded to include the William Forrence  Health, Physical Education, and Recreation Building, the Ronald B.  Stafford Center for Arts, Science, and Technology, and the Institute  for Advanced Manufacturing among other improvements. The growth has  stemmed from their responsiveness to the needs of the local community  and businesses. This dedication is further seen in the development of  programs and coursework that meet the workforce development needs in  the region, along with their assumption of the Small Business  Development Center and the Zone 9 Police Training Academy. Clinton  Community College and its leadership have always worked towards  building the best outcome for their students. As hard times arose, the  College made the difficult decision to revamp and relocate its campus  to a shared space with the State University of New York at Plattsburgh,  a university with whom the College has a long history of partnership,  to maintain their effort to provide the best outcome for their  students.

With the College primed to begin this new chapter in its life with  the start of the Fall 2025 semester the administration feels it is only  right to celebrate both the storied past and bright future of the  College by holding Clinton Community College Day on May 22, 2025.

On behalf of New York's 21st Congressional District, I am proud to  celebrate Clinton Community College, its board, its staff, its faculty,  and most especially its students, past, present, and future.",https://justfacts.votesmart.org/public-statement/1691529/recognizing-clinton-community-college-day,2025-05-21,2025-W21,2025-05
Democrat,Raul Ruiz,"Expressing Support for Rural Communities Across the United States As Stewards of the Environment, Major Suppliers of United States Energy Resources, Critical Providers of Food Production and Manufacturing Capacity, and Drivers of National Economic Stability, and Recognizing the Work of the House of Representatives in the 119th Congress in Support of Those Vital Communities","Mr. RUIZ. Mr. Speaker, I rise today to represent and speak up for the  people in California's 25th Congressional District, home to  farmworkers, laborers, and families in the Coachella, Imperial, and San  Jacinto Valleys who wake up each morning breathing some of the most  polluted air in the United States.

These are communities where childhood asthma rates range from 20 to  35 percent. We have the highest asthma hospitalization rate in the  whole State of California.

These are communities where particulate matter concentrations  regularly reach 10 times the Federal limit.

These are communities where Medicaid is not a talking point. It is  what stands between a sick child and the treatment that they need.

Today, we are voting on H. Res. 1182, and I want to be direct with my  colleagues about what this resolution actually is because the title  alone does not tell the story.

This resolution is titled: ``Expressing support for rural  communities. . . . '' But when you read the actual text, when you look  at the specific provision it celebrates, you find something very, very  different, very heartbreaking.

You see, this resolution is a political message. That is all it is, a  self-congratulatory shield built to cover up the harm Republicans have  created in rural America.

Let me go through what this resolution actually says. The resolution  celebrates ``legislation to reform processes under the Clean Air Act  for establishing and implementing air quality standards . . . so that  rural areas that experience wildfires or foreign sources of pollution  are not disadvantaged. . . . ''

What they are actually celebrating is weakening the National Ambient  Air Quality Standards, the science-based thresholds that determine how  much pollution is safe to breathe.

The FENCES Act, which Republicans passed just last week and this  resolution applauds, would strip EPA of its authority to sanction  States that fail to reduce air pollution and hand a free pass to the  worst polluters with no accountability, no incentive to clean up, and  no recourse for rural communities living downwind.

In my district, which is also rural America, dust from unpaved roads,  farms, off-road vehicles, the expanding exposed lake bed of the Salton  Sea, diesel emissions, ozone, agricultural smoke, and contaminants like  hydrogen sulfide combine into a toxic mix that threatens the health of  more than half a million people living in rural America. This  resolution wants us to applaud making it easier for that to get worse.

The resolution celebrates ``legislation to provide rural Americans  with choice in the vehicles they purchase and drive by eliminating  costly and impracticable electric vehicle mandates.'' What they are  celebrating is the termination of the clean vehicle tax credit, the  $7,500 credit that made electric vehicles accessible to working  families.

Families in my district where temperatures routinely exceed 110  degrees are now priced out of cleaner vehicles, locked into higher fuel  costs and breathing dirtier tailpipe emissions.

That is not choice. That is a trap.

The resolution celebrates legislation to ``remove restrictions on  exporting U.S. liquefied natural gas, which will increase economic and  employment opportunities for rural communities.''

What they are celebrating is prioritizing LNG exports over the energy  costs and needs of the American families they claim to support in rural  America. That is because when we export more gas, then there is less  domestically. When there is less domestically, then domestic prices  rise, making it more expensive for rural America. Rural families pay  more to heat and cool their homes. This is not energy independence.  This is energy exportation at the rural America's expense.

The resolution celebrates legislation to ``reduce the costs of home  and commercial appliances by rolling back burdensome Biden-Harris  regulations.''

What they are actually celebrating is rolling back energy efficiency  standards, meaning families will pay more on their utility bills month  after month and year after year, as if costs aren't up in rural America  already. In a desert region back home where air conditioning is not a  luxury but a survival necessity, that is a direct hit to household  budgets that are already stretched.

Through the One Big Beautiful Bill Act, better known as the big, ugly  law, the centerpiece of everything this resolution is celebrating,  Republicans cut nearly $1 trillion from Medicaid and $120 billion from  SNAP, the most in history. This will disproportionately hurt rural  Americans.

That bill put over 300 rural hospitals at risk to close. It will  leave 15 million people uninsured, many of them in rural America. It  will raise average household energy bills by up to $192 annually, and  even in California $670. It gutted the National Environmental Policy  Act's community review process so that local, rural community members'  voices are shut down.

It phased out clean energy tax credits from the Inflation Reduction  Act, raising energy costs for families in rural America, added an  estimated $3 trillion to the national debt, and accelerated the  projected insolvency of Social Security and Medicare by 1 year.

Mr. Speaker, I am a physician. I have taken care of patients in my  district. I know what it means when a family cannot get to a hospital  because the closest one has closed. I know what it means when a child's  asthma goes untreated because their family lost Medicaid.

Mr. RUIZ. Mr. Speaker, I know what it means when a farm worker spends  the day in the field breathing air that exceeds Federal safety limits  and then goes home to a house where they cannot afford the utility bill  because their appliances are less efficient, their gas costs more, and  their child suffers from asthma.

This resolution does not reopen a single closed rural hospital. It  does not put food on a single rural kitchen table. It does not clean  the air a child breathes in rural America. It does not restore the  Medicaid coverage it took from millions of Americans. It does not undo  the harm of nearly $1 trillion in cuts to programs that rural families,  who are the very people this resolution so-called claims to champion,  depend on to survive.

What this resolution does is ask this Chamber to applaud the way  things are going to hurt rural America, to put a bow on it, and to call  it support.

Mr. Speaker, this is not support. This is a cover-up.

For the families I represent who are already carrying more than their  fair  share of pollution, poverty, and neglect, this resolution is an insult  dressed up as a tribute.

If my colleagues truly support rural communities, they will repeal  those cuts. If they truly support clean air, they will stop celebrating  legislation that weakens the standards that protect it. If they truly  support working families, they will stop handing corporations  exemptions while families pay the price.

Mr. Speaker, vote ``no'' on this do-nothing messaging resolution, H.  Res. 1182.",https://justfacts.votesmart.org/public-statement/1702074/expressing-support-for-rural-communities-across-the-united-states-as-stewards-of-the-environment-major-suppliers-of-united-states-energy-resources-critical-providers-of-food-production-and-manufacturing-capacity-and-drivers-of-national-economic-stability-and-recognizing-the-work-of-the-house-of-representatives-in-the-119th-congress-in-support-of-those-vital-communities,2026-04-22,2026-W17,2026-04
Republican,"GT Thompson, Jr.",National Rural Health Day,"Mr. THOMPSON of Pennsylvania. Mr. Speaker, Thursday marks National  Rural Health Day.

Nearly 60 million Americans live in rural areas, and they too often  encounter limited access to primary care specialists and health  services. These gaps are worsened by transportation barriers, doctor  shortages, and hospital closures. These challenges don't just affect  individuals; they affect entire families and communities.

Before coming to Congress, I spent nearly 30 years in the nonprofit  healthcare field, assisting those with life-changing diseases and  disabilities.

Most of my congressional district is rural, and many constituents  must drive long distances to get the care that they need. Some do not  have broadband access. Some have limited transportation options.  Thankfully, telehealth has added tremendous reach and value to  communities across the country.

That is why I reintroduced the bipartisan Helping Ensure Access to  Local TeleHealth Act, or the HEALTH Act, which cuts red tape and allows  community health centers and rural health clinics to provide telehealth  services to their patients. Telehealth makes life simpler for rural and  underserved communities, especially for our seniors. Telehealth is an  essential part of healthcare that expands access to care for all  Americans, regardless of location.",https://justfacts.votesmart.org/public-statement/1696840/national-rural-health-day,2025-11-18,2025-W47,2025-11
Republican,Robert Aderholt,Recognizing the 50th Anniversary of Jack's Western Outdoor Wear,"Mr. ADERHOLT. Mr. Speaker, I rise today to recognize and congratulate  Jack's Western & Outdoor Wear on the occasion of its 50th Anniversary  of serving the people of Cullman County, the State of Alabama, and  customers from across the region.

Founded in 1976 by Mr. Larry Allred, Jack's Western & Outdoor Wear  began as a modest venture rooted in hard work, vision, and a desire to  better serve the local community. After graduating from The University  of Alabama in 1969, Mr. Allred returned home to work in his family's  business, Jack's Truck Stop. With an entrepreneurial spirit and a clear  sense of opportunity, he expanded the business beyond its original  scope by building a 1,000-square-foot western wear store alongside the  truck stop restaurant. What began as a small addition would, over time,  grow into one of the premier western apparel destinations in the State  of Alabama.

Over the years, Mr. Allred steadily grew the business through  determination and a commitment to excellence. The store expanded to  3,000 square feet in 1987 and then to 7,500 square feet in 1996,  reflecting its increasing popularity and strong customer base.  Following the sale of the restaurant in 1996, Mr. Allred devoted his  full attention to the western wear business, further strengthening its  reputation for quality products and exceptional service. In 2013,  Jack's Western & Outdoor Wear moved to its current location at 114  Schwaiger Road, where it now operates in a 25,000-square-foot facility  featuring unique additions such as a ``bargain boot porch'' and an  ``Ariat Annex,'' further enhancing its appeal as a destination store.

Today, Jack's Western & Outdoor Wear stands not only as a successful  business but also as a proud symbol of family heritage and community  roots. The land on which the current store sits holds deep personal  significance, as it was once part of Mr. Allred's great-grandfather's  farm and the site of his family home. This connection reflects the  enduring values of faith, family, and hard work that have defined the  business for generations.

Jack's Western & Outdoor Wear has earned widespread recognition for  its excellence, including being voted by readers of The Cullman Times  as the ``Best Place to Buy Boots,'' the ``Best Western Wear,'' and the  ``Best Place to Buy Men's Clothing,'' honors it has received for  several consecutive years. These accolades are a testament to the trust  and loyalty the business has built within the community.

As a true family enterprise, Jack's Western & Outdoor Wear continues  to thrive with the involvement of Mr. Allred's daughters. His oldest  daughter, Sara, has played a key role in the operation of the business  since 2007, while his youngest daughter, Kristin, recently returned to  lead marketing and e-commerce efforts after a distinguished 20-year  career as a television meteorologist. Together, they are helping to  carry forward the legacy established by their father while preparing  the business for continued success in the years ahead.

Equally important to Jack's success are its dedicated employees and  loyal customers, many of whom have longstanding relationships with the  business. For five decades, Jack's Western & Outdoor Wear has remained  committed to providing quality goods, outstanding service, and a  welcoming environment that reflects the character of the community it  serves.

Reaching a 50-year milestone is a rare and remarkable achievement,  especially for a family-owned small business. It speaks to resilience,  adaptability, and a deep connection to the people it serves. Jack's  Western & Outdoor Wear exemplifies the vital role that small businesses  play in strengthening local economies and preserving the unique  identity of communities across our Nation.

On behalf of the people of Alabama's 4th Congressional District, I  extend my heartfelt congratulations to Mr. Larry Allred, his family,  and the entire team at Jack's Western & Outdoor Wear on this  significant anniversary. I commend them for their decades of service  and wish them continued success for many years to come.

Mr. Speaker, I ask my colleagues to join me in recognizing Jack's  Western & Outdoor Wear for 50 years of excellence, dedication, and  unwavering commitment to the community.",https://justfacts.votesmart.org/public-statement/1701550/recognizing-the-50th-anniversary-of-jacks-western-outdoor-wear,2026-04-09,2026-W15,2026-04
Democrat,Becca Balint,What Happened to Aliya Rahman,"Ms. BALINT. Mr. Speaker, what happened to Aliya Rahman is chilling,  and it is a warning for all of us.

Aliya is a U.S. citizen. She is a software engineer. She identifies  as disabled, autistic, and as someone suffering from a traumatic brain  injury.

On her way to a doctor's appointment, she was stopped by ICE. They  screamed conflicting orders at her, dragged her from her car, and  carried her while she screamed: I am autistic. I am disabled. She said:  Please, I am disabled.

It didn't matter. She was denied medical care. She lost consciousness  in detention. She suffered a concussion. She had to be taken out in an  ambulance.

Mr. Speaker, this is not about immigration enforcement. This is not  about public safety. Aliya was a victim of terror at the hands of her  own government.

We owe Aliya and all Americans real accountability, and I will not  stop demanding it on the floor of this House. It is repugnant,  absolutely disgusting what happened to her, and she is not the only  one.",https://justfacts.votesmart.org/public-statement/1699631/what-happened-to-aliya-rahman,2026-02-04,2026-W06,2026-02
Democrat,Emanuel Cleaver II,Recognizing Mr. Gerard J. Grimaldi on His Retirement and Expressing Appreciation for A Lifetime of Dedicated Service to Our Community,"Mr. CLEAVER. Mr. Speaker, I rise today with a deep sense of gratitude  for the opportunity to recognize a great Missourian, Mr. Gerard Joseph  Grimaldi, for his exemplary personal and professional accomplishments  as he begins his next chapter of life, enjoying retirement. An  experienced leader, dedicated professional, and tireless advocate,  Gerard serves as a prime example of a true public servant, and most  importantly, a kind, caring, and genuine human being.

A Kansas City, Missouri, native, Gerald was born on September 16,  1959, to loving parents, Mary Jane and Frank Grimaldi. Along with his  five brothers and sisters, Gerard grew up in the Crestwood neighborhood  and their family was active at St. Francis Xavier Catholic Church, just  off Troost Avenue. His parents, with strong Catholic roots, instilled a  deep sense of faith, public service, and commitment to others,  particularly the underserved, in all of their children.

Gerard would continue his Jesuit education at Rockhurst High School,  before attending the University of Missouri-Columbia, where he would  graduate with honors in 1980 with a bachelor's degree in journalism.  Following graduation, Gerard briefly enjoyed working as a reporter for  the Kansas City Labor Beacon, before joining the staff of U.S. Senator  Thomas F. Eagleton. As the Senator's staff assistant, Gerard handled  constituent services, health care access, and economic development for  the Western region of Missouri.

Known for his dedication, responsiveness, and affable personality,  Gerard was hired in 1985 to serve as the District Director for U.S.  Representative Alan Wheat, one of my predecessors. In that role, Gerard  led the District-based team, while working closely with the Washington,  D.C. legislative staff and leading the office's media strategy. Gerard  worked on several successful efforts, including a new U.S. Courthouse,  Bruce Watkins Drive, and establishment of the Harry S. Truman National  historic site. He would serve in that role for a decade, working on  behalf of the people of Missouri's Fifth Congressional District.

Following Representative Wheat's unsuccessful bid for the United  States Senate in 1994, Gerard continued working for the newly elected  U.S. Representative Karen McCarthy, to share his knowledge of the Fifth  District and ensure a smooth transition, before joining Kaiser  Permanente, a nonprofit health plan in 1995. During his six-year tenure  at Kaiser, Gerard would ultimately be elevated to Vice President for  Human Resources and Public Affairs. Through this experience, Gerald's  knowledge of the local health care system continued to expand, and he  was asked to serve on numerous civic organizations, including the  Jackson County Mental Health Levy Board of Trustees, where he would  serve as Board Chair for several years. Additionally, as I was serving  as Mayor of Kansas City during this time, I had the pleasure of asking  Gerard to serve on the Mayor's Race Relations Task Force and on the  Board of Directors of the Mayor's Corps of Progress.

For the past nearly 24 years, Gerard has worked at Truman Medical  Centers (now called University Health), our area's safety net provider,  helping to advance issues of health care access and health equity He  has served as the Chief Health Policy and Government Relations Officer,  where he serves in a leadership role to help educate and advocate for  the hospital system, to ensure adequate local, state, and federal  resources are available to meet their mission. While Gerard considers  himself a lifelong learner, he has been instrumental in helping to  educate others on the health care needs in our region, particularly for  some of our most vulnerable populations.

A comprehensive list of Gerard's accomplishments would be too  lengthy, but just a few examples of his impact, include: securing post- 9/11 funding to modernize the hospital for bioterrorism and mass  casualty incidents; leading multiple public election campaigns for  property tax levy approval; securing approval of multiple bond issues  for capital improvements on two hospital campuses; supporting the  Hospital Hill property acquisition efforts and urban renewal  attainment; securing numerous Affordable Care Act grants; securing the  hospital's selection with MO HealthNet; working alongside dozens of  stakeholders to secure Missouri Medicaid expansion; advocating for  vital hospital support during the COVID-19 global pandemic; providing  community leadership by ensuring outreach and vaccinations were  available during the pandemic; securing multiple sources of public  funding for a Center for Recovery and Wellness, a substance use  disorder outpatient center that  opened in October 2024; and numerous additional legislative  accomplishments.

In addition to some of the civic engagements already mentioned,  Gerard has served on numerous other professional and civic boards and  committees, including with the Greater Kansas City Chamber of Commerce,  Downtown Council, National Association of Public Hospitals, Labor  Management Council, Missouri Hospital Association, American Hospital  Association, Bannister Federal Complex Community Advisory Panel, Saint  Thomas More Parish, and more recently, Gerard was honored for his  service by being presented with the 2025 Mel and Jean Carnahan Public  Service Award, which recognizes individuals who have dedicated their  lives to serving the public. Former members of this esteemed body,  including Representative Russ Carnahan and Representative Alan Wheat  were among the many who attended the ceremony.

Beyond his extraordinary career achievements, Gerard has always been  a dedicated family man. He and his lovely wife, Julie, are celebrating  nearly 32 years of marriage, and enjoy the company of their four  children and respective families, Mary Kate Rohlfs (Brock), Caroline  Riese (Ian), Matthew Grimaldi, and Gabrielle Grimaldi, as well as their  grandchild, Penelope Rohlfs.

Mr. Speaker, I ask my colleagues to please join me and the people of  Missouri's Fifth Congressional District, in congratulating Mr. Gerard  J. Grimaldi as he retires from a successful and impactful career,  having served as a champion and ally for our underserved communities at  the local, state, and national levels. Gerard's friendship, positivity,  and his infectious and distinctive laugh will forever be cherished. His  legacy will continue to impact residents and communities across  Missouri and in our beloved Kansas City region, for generations to  come. On behalf of my colleagues and a grateful Nation, we wish him a  relaxing and enjoyable retirement, and thank him for his dedication and  commitment to our community.",https://justfacts.votesmart.org/public-statement/1688302/recognizing-mr-gerard-j-grimaldi-on-his-retirement-and-expressing-appreciation-for-a-lifetime-of-dedicated-service-to-our-community,2025-02-27,2025-W09,2025-02
Democrat,Kelly Morrison,"Providing for Congressional Disapproval of the Rule Submitted By the Bureau of Land Management Relating to Public Land Order No. 7917 for Withdrawal of Federal Lands; Cook, Lake, and Saint Louis Counties, Mn","Ms. MORRISON. Mr. Speaker, today I rise in strong opposition to H.J.  Res. 140. This resolution would permanently allow copper sulfide mining  in the watershed of the Boundary Waters Canoe Area Wilderness.

Copper sulfide mining is the most toxic industry in America, and it  is particularly ill-suited to water-rich environments because it  acidifies the water. It leaches heavy metals like arsenic, lead, and  mercury into that water, which is part of the reason it has never been  done in Minnesota before. Remember, Mr. Speaker, we are the Land of  10,000 Lakes. Minnesotans do not want a toxic mine on the watershed of  the Boundary Waters. In fact, 70 percent of Minnesotans want permanent  protection for the Boundary Waters, our State's crown jewel.

Antofagasta, owned by a Chilean billionaire who is a crony of  President Trump's, is the foreign mining company that wants to extract  minerals from this watery wilderness. They have contracts set up to  send copper they extract to China for processing, and from there, it  will be sold on the open market. Allowing a Chilean mining company to  extract copper from our public lands, destroy the Boundary Waters, and  send minerals to benefit billionaire owners and China will not protect  our national security. Some sacred places should be off-limits from  this kind of mining, and the Boundary Waters Canoe Area Wilderness is  clearly one of those places.

Mr. Speaker, remember too that 22,000 outdoor recreation jobs and the  $13.5 billion outdoor recreation economy in Minnesota will all be in  serious jeopardy if this resolution passes. The Boundary Waters is a  national treasure, the most visited wilderness area in the United  States. There is no place like it on Earth, and once it is destroyed,  it will be gone forever.

Like many Minnesotans, people around the country and the world, my  husband and I have paddled and camped with our kids on the Boundary  Waters every year since they were small. We share magical and life- changing memories from our adventures there that we all cherish.  Preserving this wilderness for future generations should be our goal,  not its destruction.

This resolution is an existential threat to our beloved Boundary  Waters. I implore my colleagues to reject this resolution. Mr. Speaker,  you have the opportunity to stand up for public lands and the Boundary  Waters and prevent the inevitable water, air, noise, light, and land  pollution that will destroy this unique wilderness.",https://justfacts.votesmart.org/public-statement/1699272/providing-for-congressional-disapproval-of-the-rule-submitted-by-the-bureau-of-land-management-relating-to-public-land-order-no-7917-for-withdrawal-of-federal-lands-cook-lake-and-saint-louis-counties-mn,2026-01-21,2026-W04,2026-01
Democrat,Greg Landsman,Tariffs Lead to Highest Sales Tax on Americans in History,"Mr. LANDSMAN. Mr. Speaker, I rise today because this administration,  the folks who are in charge of this country, after promising lower  prices and a better economy, are actively jacking up prices and tanking  the economy.

Last year in Ohio, we imported $86 billion in goods. Now, nearly  every country in the entire world is dealing with these tariffs because  of a trade war that no one but one man wanted. The price of all of this  will fall on us.

It is a tax on nearly everything we buy, everything we sell.  Americans have watched their hard-earned savings vanish as the markets  have tanked every day since the announcement.

Trump has now unilaterally placed the highest sales tax on Americans  in the history of this country.

The impact? Higher prices across the board. The average family is  expected to pay an extra $4,000 this year alone. They cannot afford  that.

Trump says: ``I couldn't care less.''

Mr. Speaker, we need to end this chaos.",https://justfacts.votesmart.org/public-statement/1689748/tariffs-lead-to-highest-sales-tax-on-americans-in-history,2025-04-08,2025-W15,2025-04
Democrat,Norma Torres,Fighting Dhs Immigration Raids,"Mrs. TORRES of California. Mr. Speaker, I rise today to speak out  against the narrative being promoted about immigrants, portraying them  as rapists, drug dealers, and murderers.

These claims are nothing more than a self-reflection of our country's  leaders who promised to protect Americans and enforce the law, yet  whose actions have violated basic human rights, the Constitution, the  rule of law, and are now costing our country economically.

Under these policies, DHS is targeting people because of the color of  their skin, the language they speak, and where they come from. Families  are being separated, children are traumatized, and communities live in  fear. These actions are weakening our labor force, shrinking our tax  base, and threatening industries that rely on a stable workforce.

Members of Congress should not be targeted with CS gas, shoved, or  have false charges filed against them simply for performing oversight.

Citizens should not be shot at simply for raising concerns about the  safety of children in the presence of armed men in their neighborhoods.

This approach doesn't make us safer. It disrupts local economies,  increases costs for taxpayers, and undermines the workforce that keeps  our country running.

Every day these policies continue, businesses lose workers, consumers  lose purchasing power, and taxpayers pay for the unnecessary  enforcement. We need transparency, fair treatment,  and laws that reflect reality, not fear or political theater.

Let me remind this Chamber, undocumented immigrants--the same people  being targeted--contributed $96.7 billion in Federal, State, and local  taxes in 2022, including $25.7 billion into Social Security benefits  they will never receive, $6.4 billion into Medicare, $1.8 billion into  unemployment insurance.

If some Members don't care about the human cost, consider the  financial one. Removing these workers weakens our economy and raises  costs for everyone. Protecting them protects our bottom line.",https://justfacts.votesmart.org/public-statement/1697448/fighting-dhs-immigration-raids,2025-12-03,2025-W49,2025-12
Republican,Mike Haridopolos,Congratulating Florida's Eighth District's Student Accomplishments,"Mr. HARIDOPOLOS. Mr. Speaker, today we recognize the achievements of  several students from my district who accepted their appointment to the  service academies.

These students demonstrate not just academic achievement but also  strong devotion to our country. Young students like these will become  our Nation's leaders in the future.

It was my honor to call these students this weekend to congratulate  them on this true accomplishment.

Mr. Speaker, I congratulate Libby Russell and Zanna Paraskevas, who  were accepted to the United States Military Academy at West Point.

I congratulate Savion Kirby, Natalie Doig, Audrey Ponton, and  Maximilian Perez, who were accepted into the United States Air Force  Academy.

I congratulate Victoria Nelson, who was accepted into the United  States Naval Academy.

Mr. Speaker, I am proud to represent each one of them in the United  States House of Representatives.",https://justfacts.votesmart.org/public-statement/1689824/congratulating-floridas-eighth-districts-student-accomplishments,2025-04-09,2025-W15,2025-04
Democrat,Brittany Pettersen,Recognizing Isabella Garcia,"Ms. PETTERSEN. Mr. Speaker, I rise today to recognize Isabella Garcia  for earning the Arvada Wheat Ridge Service Ambassadors for Youth Award.

Isabella has overcome many challenges along her journey to success,  demonstrating perseverance at every step. Students who strive to make  the most of their education, like Isabella, develop crucial skills and  a work ethic that will guide them for the rest of their lives. This  award is a testament to Isabella's hard work, determination, and  perseverance at Three Creeks K-8 and is clearly just the beginning of a  bright and promising future.

It is my honor to congratulate Isabella Garcia on achieving the  Arvada Wheat Ridge Service Ambassadors for Youth Award.",https://justfacts.votesmart.org/public-statement/1691774/recognizing-isabella-garcia,2025-06-03,2025-W23,2025-06
Republican,James Risch,Motions to Discharge--S.J. Res. 33 and S.J. Res. 26,"Mr. RISCH. Mr. President, I rise today and come here to strongly  oppose the two resolutions before the Senate at this moment.

These misguided resolutions, if adopted, would reinstate the failed  policies of the Biden administration. Worse, they would abandon Israel,  our closest ally in the Middle East, during a pivotal moment for global  security.

For years, President Biden wrung his hands and withheld American  support for Israel in its time of need. This inaction only prolonged  suffering for all sides and put America's commitment in doubt. Despite  this, Israel had the courage to confront Iran and its proxies, and it  decimated them.

Through President Trump's tough negotiations and Israel's courage,  Iran is at its weakest point in decades, and hostages are returning  home.

At the same time, Israel is contending with its operations against  Hamas, efforts to maintain a fragile cease-fire in Lebanon, and the  ongoing threats to Iran.

Now is not the time to deprive our ally of the tools it needs to  protect American interests.

I yield to Senator Sanders.

Mr. RISCH. Has all time expired except for the time I have left?

Mr. RISCH. Mr. President, first of all, I agree with one and only one  thing that my friend from Vermont said, and that is that we do live--at  least think--in an alternate, parallel universe.

I am on the Intelligence Committee. I am the most senior Republican  on the Intelligence Committee. I have seen the film from what Hamas did  on October 7. These were animals. They killed hundreds and hundreds of  people. They took hostages. They cut babies out of their mothers. They  killed children in  front of their parents. They killed parents in front of their children.  They tortured people.

They knew exactly what they were doing, and that was that they were  going to get a response from Israel that would be what it is today.

All of this talk that my friends have laid out in front of us--no one  in the world is coming to the support of Hamas--no one--with the  exception of some misguided people in this organization.

The Middle East has an opportunity to free itself from Iran's grip,  and America will be safer for it. To promote stability in the region  and protect our national security, we need to continue to support  Israel's successful efforts.

President Trump, Secretary Rubio, and soon-to-be Ambassador Huckabee  will work day in and day out to make sure that American interests are  protected in Israel, and Congress must do its part. We really must  provide Israel with the force they need to resist and eliminate Hamas.

Just before I walked in here, I was handed an official written  position of the President of the United States, who urges us to defeat  these two resolutions.

In December, this body overwhelmingly opposed similar resolutions in  a bipartisan fashion. I hope we can do that again today. As such, I ask  my colleagues on both sides of the aisle to vote no on these two  resolutions.",https://justfacts.votesmart.org/public-statement/1689526/motions-to-discharge-sj-res-33-and-sj-res-26,2025-04-03,2025-W14,2025-04
Democrat,Marc Veasey,Recognizing Jps Health Network for the Opening of A New Psychiatric Emergency Center,"Mr. VEASEY. Mr. Speaker, I rise to recognize the Leadership and Staff  of JPS Health Network.

On the occasion of the ribbon-cutting ceremony for the new  Psychiatric Emergency Center, I extend my deepest congratulations and  recognition on behalf of the people of the 33rd Congressional District.

This remarkable facility represents more than bricks and mortar--it  is a testament to vision, leadership, and an unwavering commitment to  meeting one of our community's most urgent needs. By tripling capacity  and providing 24/7 specialized behavioral health services for both  adults and adolescents, JPS is not only expanding access to care but  also affirming the dignity, safety, and hope that every individual  deserves.

As Tarrant County's only psychiatric emergency center--and one of the  busiest in the Nation--the opening of this center is a milestone in  advancing compassionate, high-quality care. It reflects the dedication  of the JPS leadership team, the skill and perseverance of the staff,  and the broad collaboration that made this achievement possible.

I commend them for their service to our community, and I look forward  to the positive impact this facility will have on countless patients,  families, and first responders in the years to come.",https://justfacts.votesmart.org/public-statement/1695126/recognizing-jps-health-network-for-the-opening-of-a-new-psychiatric-emergency-center,,,
Republican,Andy Biggs,Deporting Fraudsters Act of 2026,"Mr. BIGGS of Arizona. Mr. Speaker, I thank the gentleman for yielding  time to me.

Mr. Speaker, nothing angers a law-abiding American more than being  stolen from and then watching the system let the thief go to do it over  and over again.

Our immigration system only works when people who come here follow  our laws and want to build the American Dream, not strip it away from  the very people who make this country work.

Right now that trust is broken. These are not small scams. They are  organized, deliberate fraud schemes that target the most vulnerable  among us: a single mother relying on food assistance or an elderly  couple who spent a lifetime paying into Social Security, or a child  whose identity is stolen before they can even speak.

Here is the part that makes no sense. Under current law, defrauding  the U.S. or stealing taxpayer dollars is not explicitly a deportable  offense. That loophole has allowed criminal fraud networks to operate  for decades.

We have seen the consequences. In Minnesota, Somali fraud networks  stole millions, and Federal prosecutors now estimate Medicaid fraud in  that State alone could hit $9 billion. Even in my own home State of  Arizona, fraud exceeds billions of dollars.

However, Minnesota isn't the outlier. It is the warning sign. A GAO  report found nearly 3 million Social Security numbers with evidence of  misuse. A Cuban national defrauded Medicare of more than $3 million  through a fake medical equipment scheme. A 3-year-old child had her  Social Security number used to take out credit cards and auto loans.  These are not isolated cases.

Fraudsters can exploit SNAP, Social Security, Medicare, and other  programs because the law does not clearly state that these crimes make  an alien removable from the U.S. Litigation delays and loopholes let  these offenders stay here and continue to harm Americans while their  victims struggle to recover.

The Deporting Fraudsters Act of 2026 closes that gap, and it does it  with simple, commonsense steps. It makes clear that any alien who  defrauds the U.S. or steals government funds intended for American  citizens is inadmissible and deportable. It ensures that an alien's own  admission to committing fraud can trigger consequences because courts  in multiple circuits have ruled that certain Social Security fraud  offenses do not automatically carry immigration penalties. It bars  these offenders from receiving immigration benefits, including asylum,  so they cannot exploit our generosity twice.

This is not complicated. If a person comes to this country to build a  life, then follow our laws and contribute. We will welcome that person.  If a person comes here to steal from American taxpayers, that person  doesn't get to stay.

Becoming an American is a privilege. It carries responsibilities, and  when someone abuses that privilege by stealing from the very people who  welcome them, then they forfeit the right to remain here.

This act is a commonsense reform that protects vulnerable Americans.  I am proud and pleased to be a cosponsor of this bill.

Now I will just touch on the Biden pardons. Literally hundreds of  millions of restitution dollars forgone. In fact, one individual, Paul  Daugerdas, was sentenced to 15 years in prison for his role in a  multibillion-dollar tax fraud scheme described by prosecutors as one of  the largest criminal tax fraud cases in U.S. history.

Now, Mr. Speaker, why do I bring that up?

Mr. BIGGS of Arizona. Mr. Speaker, it is because my friend across the  aisle is obsessed with this Trump derangement syndrome that we hear  about so much.

What about the 1,400 people who were pardoned in the last waning  hours of the Biden administration?

Many of them were fraudsters. Hundreds of millions of dollars in  restitution is forgone. I didn't hear any outrage from the gentleman  over that, but there should be outrage when an illegal alien is  committing fraud. This bill will help make them inadmissible and  deportable.

That is what this bill is about. It is not some imaginary or  delusional sophist argument that we are hearing from the other side.

Mr. BIGGS of Arizona. Mr. Speaker, I don't mean to respond, but I am  going to have to respond here. I am going to first include in the  Record: ``Biden clemency for committed fraudsters met with outrage:  `Slap in the face.' ''                     [From FoxNews.com, Dec. 17, 2024]  Biden Clemency for Convicted Fraudsters met With Outrage: `Slap in the                                   Face'                    (By Breanne Deppisch, Alec Schemmel)

President Biden made history last week when he granted       clemency to more than 1,500 people with a sweeping list of       commutations and pardons.

However, the move was met with fierce backlash from critics       pointing out various names on the clemency list included       individuals who cost taxpayers tens of millions of dollars       through their fraudulent actions.

Among those covered in what the Biden White House is       calling the largest single-day act of clemency by a U.S.       president was Rita Crundwell, a former comptroller in Dixon,       Illinois. Crundwell was convicted and sentenced to nearly 20       years behind bars for       using her position to steal nearly $54 million from the small       town best known for the boyhood home of Ronald Reagan.

Also on the list was former New York law partner Paul M.       Daugerdas, who was sentenced to 15 years in prison for his       role in a multibillion-dollar tax fraud scheme described by       prosecutors as one of the largest criminal tax fraud cases in       U.S. history, as well as Toyosi Alatishe, who abused his       position as a caretaker for patients with severe mental       deficiencies and physical disabilities by using their       personal information to file fraudulent tax returns.

In response to Biden's decision to grant clemency to       Crundwell, Republican Illinois state Sen. Andrew Chesney       called the move ``nothing short of a slap in the face to the       people of Dixon.''

``Her crimes did not only affect the taxpayers of Dixon,       but they also had a rippling effect across the region and       state, as communities became subject to stricter, more       tedious regulations,'' Chesney said in a statement following       the commutation of Crundwell's sentence. ``First, it was the       pardoning of his son, and now Biden is apparently extending       clemency to anyone with political connections, including       corrupt government employees. It's sickening.''

Illinois Republican Rep. Darin LaHood echoed Chesney's       remarks about the commutation being a ``slap in the face'' to       those impacted by Crundwell's crime, adding that ``while many       families in Dixon were living paycheck to paycheck,       [Crundwell] took advantage of their trust in government and       used her access to live an unearned life of luxury.''

In addition to schemes that defrauded public funds, many of       the commutations Biden handed out went to white-collar       criminals accused of defrauding their clients out of millions       of dollars. Meanwhile, Biden also commuted the sentence of       Michael Conahan, a former judge who imposed harsh sentences       against juveniles in exchange for $2.8 million in illegal       payments in what became known as a ``kids for cash'' scandal.

``I want to see [Conahan's] name removed because that's       just . . . another slap in the face, another injustice, on       top of all of the grief that everybody in this community has       already endured,'' said Sandy Fonzo, whose son Edward       committed suicide after being sent to a juvenile detention       center for eight months after getting caught drinking       underage.

The administration commuted sentences for inmates who were       on home confinement during the COVID-19 pandemic and who       ``have successfully reintegrated into their families and       communities,'' according to the announcement.

This includes verification that the person's primary or a       prior offense was not violent, a sex offense, or terrorism-      related; ensured a low or minimum recidivism risk; and       confirmed that the person was not engaged in violent or gang-      related activity while incarcerated. All were on good       behavior, and the decisions were not made on an individual       basis.

Between 2017 and 2021, then-President Trump granted just       143 pardons and 93 sentence commutations--amounting to just 2       percent of the clemency applications that his administration       received, according to available Justice Department data.

Mr. BIGGS of Arizona. Mr. Speaker, what the gentleman would have us  believe is that Rita Crundwell, who stole $54 million from Dixon,  Illinois, repaid that $54 million before she received her pardon. That  is what we would have to believe.

We would have to believe that Paul M. Daugerdas, sentenced to 15  years in prison for his role in a multibillion-dollar tax fraud scheme,  one of the largest in history, had reimbursed the Federal Government  for those multibillion dollars.

We would have to believe that Toyosi Alatishe, who abused his  position as a caretaker for patients by filing fraudulent tax returns  on behalf of these poor folks, paid everything back.

There is no indication of that from the Dixon, Illinois, folks. No  indication at all.

Mr. Speaker, I think I have made my case.",https://justfacts.votesmart.org/public-statement/1700904/deporting-fraudsters-act-of-2026,2026-03-18,2026-W12,2026-03
Democrat,Rosa DeLauro,"Further Additional Continuing Appropriations Act, 2026","Mr. Speaker, I rise in opposition to the bill. Let us face facts. The  bill we are considering today has no chance of becoming law. It has  already failed once. It will fail again.

Republican leadership is aware of this, but they still have chosen to  waste our time on political theater, while President Trump's aimless,  endless, and costly war with Iran puts American lives in danger.

Whether it is from crises abroad or masked agents at home, President  Trump and Republicans are putting Americans at risk. Democrats are  fighting to keep our communities safe, both from foreign adversaries  and out-of-control Federal agents.

If the Republicans are actually serious about the threat that  President Trump's war with Iran has caused, then they should move  quickly to bring up my bill, which they rejected, which would fund  FEMA, TSA, the Coast Guard, the Secret Service, Federal Law  Enforcement Training Centers, the Science and Technology Directorate,  the Office of Inspector General, Federal Protective Services, and the  Cybersecurity and Infrastructure Security Agency, while setting funding  for ICE and Customs and Border Protection aside as negotiations on  those issues continues.

There is broad agreement on funding for these agencies. There is no  controversy over funding disaster relief, aviation security, or making  sure the men and women of the Coast Guard and the Secret Service are  paid. What there is a significant controversy over, however, is how ICE  and Customs and Border Protection have beaten, detained, harassed, and  even killed law-abiding U.S. citizens with zero accountability.

I ask my colleagues across the aisle: Why not allow funding for the  parts of Homeland Security over which we have no disagreements to pass?  Allow the Disaster Relief Fund to be replenished. Allow TSA and Secret  Service agents to be paid. Allow the Coast Guard to support its  servicemembers and ensure our cybersecurity measures are in place while  we continue to negotiate the reforms to ICE and Customs and Border  Protection that the vast majority of Americans want to see enacted.

Republicans have called these reforms radical and unreasonable. I ask  which reforms specifically they feel are out of line. Let me tell you  where there is a broad support for these. Do they oppose prohibiting  the detention or the deportation of U.S. citizens? Are they opposed to  that? Are they opposed to requiring agents to get a warrant from a  judge before kicking in someone's door? Are they opposed to removing  masks, requiring badges and identification on uniforms? Are they  opposed to prohibiting operations at sensitive locations, like schools,  medical facilities, and houses of worship? Are they opposed to allowing  independent investigations into wrongdoing? Are they opposed to ending  racial profiling and ending roving patrols?

Those are the discussions that are underway. Let us continue to do  that.

Are they really willing to block funding for the rest of the  Department of Homeland Security because they believe so strongly that  these armed Federal agents marauding our streets, armed and terrorizing  our communities, should be allowed to hide their faces as they patrol  our streets? Do they believe that that is the case?

Mr. Speaker, these reforms are fundamental. They are the same  standards that law enforcement all across this country abide by. They  protect our communities. They protect law enforcement. They protect our  basic constitutional rights.

I encourage my Republican colleagues not to let their opposition to  these necessary and overwhelmingly popular reforms stand in the way of  funding the rest of the Department of Homeland Security, especially now  as President Trump's war with Iran has put Americans at risk.

Ms. DeLAURO.  McCollum), the ranking member of the Subcommittee on  Defense.

Ms. DeLAURO. Mr. Speaker, I would say to the gentleman, about who is  playing politics, his words are really disingenuous.

Fund my bill. Let's pay these Federal employees. Let's pay them all.  That is what they deserve. They are working hard.

If you want to protect the American citizens, protect them from ICE,  fund the alternative and pay people who are working hard.

Ms. DeLAURO. Mr. Speaker, the Republican bill today has no chance. I  have said this before, and I will say it again: It has no chance of  becoming law. It failed before, and it will fail again.

On the other hand, my bill to re-fund FEMA, TSA, cybersecurity, the  Coast Guard, the Secret Service, and other law-abiding components of  the Department of Homeland Security while negotiations continue on ICE  and CBP is the most viable path forward. It is the best way to respond  to those hardworking Federal employees in those agencies.

If Republicans are serious about funding the vast majority of the  Department of Homeland Security as President Trump's open-ended war  with Iran puts Americans at risk, then they must bring it up for a vote  immediately.

For this reason, at the appropriate time, I will offer a motion to  recommit this bill back to committee. If the House rules had permitted,  I would have offered the motion with an important amendment to the  bill. My amendment would have replaced the text of  the doomed Republican proposal with the text of my bill to fund the  parts of the Department of Homeland Security over which there is no  disagreement.

Ms. DeLAURO. Mr. Speaker, I am prepared to close as well, and I yield  myself the balance of my time.

Mr. Speaker, we have heard a lot today about the Federal workers who  are impacted by this lapse in funding. I have to say I am surprised to  hear so many of my Republican colleagues suddenly express such ardent  concern for the fate of Federal workers.

Where was this concern when President Trump and Elon Musk decimated  the Federal workforce last year?

Where was the concern when they drove away close to 1,000  Cybersecurity & Infrastructure Security Agency employees? That is one- third of the staff out of our Nation's leading cybersecurity agency.

Where was the outrage when President Trump proposed slashing funding  for that same agency by $500 million? That was part of the President's  budget, and there was not a peep from my Republican colleagues.

Where were they when the Trump administration appointed a 22-year-old  intern to head a key Department of Homeland Security's counterterrorism  office?

I have no patience for the crocodile tears being shed by anyone who  sat by as President Trump and Kristi Noem tried to eliminate FEMA  entirely, people who said not a word when the White House hollowed out  whole agencies without the consent of the Congress. They were silent  when all of these things happened. Now, all of a sudden, they are  ardent defenders of cybersecurity and others. It is nothing more, as I  said, than political theater.

This kind of selective sympathy often betrays a partisan agenda. If  Republicans were serious, then this week we could have funded every  agency under the Department of Homeland Security except for ICE and for  CBP. I will not vote for another dime for these agencies until we get  the reforms that the American people want in stopping these agencies  from terrorizing our communities.

By the way, we could have funded every agency under DHS except for  ICE and CBP. By the way, my colleagues are sitting on $140 billion from  the One Big Beautiful Bill Act. Let's dip into those dollars and pay  for these Federal employees.

Mr. Speaker, I encourage my colleagues: Vote ``no'' on what is a  cynical attempt to extract more funding for lawless agencies because of  a crisis that the President has created without an imminent threat.

I call on the Republican leadership to stop blocking my bill to fund  the parts of the Department of Homeland Security upon which we all  agree, and let's continue negotiating on the parts that we do not agree  on.

Ms. DeLAURO. Mr. Speaker, I have a motion to recommit at the desk.

Ms. DeLAURO. Mr. Speaker, on that I demand the yeas and nays.

The yeas and nays were ordered.",https://justfacts.votesmart.org/public-statement/1700559/further-additional-continuing-appropriations-act-2026,2026-03-05,2026-W10,2026-03
Democrat,Al Green,Respecting the U.S. Constitution,"Mr. GREEN of Texas. Mr. Speaker, and still I rise.

Mr. Speaker, I rise today with a very special message--an admonition,  a prewarning--for the most powerful man in the universe, I am told, the  President of the United States of America.

Mr. Speaker, there is talk of having to go back into Iran. There is  talk of the job not having been done as expected.

I make no comments about whether he should or shouldn't go, but I do  comment on the Constitution. I do say to the most powerful man in the  universe: Mr. President, if you go back into Iran and do not get the  consent of Congress or appropriately notice Congress, Mr. President, I  will bring Articles of Impeachment against you again.

Mr. President, no one person should have the authority to take 300- plus million people to war on his own volition. The Congress of the  United States must be engaged in this process.

Mr. President, it is pretty simple. Either you will respect the  Constitution of the United States of America, or you will expect Al  Green.",https://justfacts.votesmart.org/public-statement/1692934/respecting-the-us-constitution,2025-06-25,2025-W26,2025-06
Republican,Buddy Carter,"Promises Made, Promises Kept","Mr. CARTER of Georgia. Madam Speaker, with the One Big Beautiful Bill  Act, we delivered on President Trump's domestic agenda and provided the  largest tax cut in American history. That is because, as Republicans,  we believe this money belongs to hardworking Americans, not to  Washington bureaucrats.

I couldn't be prouder of this Conference and the Trump administration  for working together in the interests of American citizens across our  Nation. Together, we delivered no tax on tips, no tax on overtime, a  doubled child tax credit, relief for our seniors, and so much more.

In Georgia, families will keep an additional $3,000 of their own  money in 2026 thanks to the One Big Beautiful Bill Act. Republicans are  putting food back on the table. Georgia's citizens are now able to  afford several more weeks of groceries because of tax cuts.

This Conference and the Trump administration are working for American  citizens, and it has been truly life-changing for many people.

This August, I had the chance to get boots on the ground and see  firsthand the impact of this bill on hardworking Georgians. Just the  other week, I was eating at a Georgia restaurant, and I asked my server  how no tax on tips would impact her life. Do you know what she told me?  She said she can finally start saving for her daughter's college  education without worrying whether she can still afford groceries at  the end of the month.

She is not alone. I have asked others in the tip and overtime  industry similar questions. I have also talked with folks who don't  follow politics closely, as well as those who identify as Democrats.  Every single time, they are pleasantly surprised to learn how much this  bill helps because, for the last 2 months, Democrats have been flooding  the airwaves with lies about the One Big Beautiful Bill Act because  they are embarrassed they couldn't vote for it. Do you know why they  couldn't vote for it? It was purely out of hatred for President Donald  J. Trump.

Democrats voted against the middle class, while Republicans voted for  it. Democrats voted against the American Dream, while we fought and  will continue to fight to protect it.

The One Big Beautiful Bill Act is an investment in America's  families, America's workers, and America's future. We are lifting up  the middle class, restoring fairness, and proving once again that,  under Republican leadership, the American Dream is alive and well.",https://justfacts.votesmart.org/public-statement/1694797/promises-made-promises-kept,,,
Republican,Bernie Moreno,National Lung Cancer Awareness Month,"Mr. MORENO. Mr. President, I ask that the Committee on the Judiciary  be discharged from further consideration and the Senate now proceed to  S. Res. 570.",https://justfacts.votesmart.org/public-statement/1698900/national-lung-cancer-awareness-month,2026-01-12,2026-W03,2026-01
Democrat,Emily Randall,Semiquincentennial Tourism and Access to Recreation Sites Act,"Mr. Speaker, next year our Nation will celebrate its 250th birthday.  H.R. 4285, the STARS Act, would mark that milestone on September 17,  2026, by providing free entrance to National Park Service sites and  waiving standard amenity recreation fees to sites managed by the Bureau  of Land Management, the Fish and Wildlife Service, the Bureau of  Reclamation, and the U.S. Forest Service.

I fully support helping more Americans experience our public lands  and will be honored to support this bill. However, it is hard to ignore  how hollow this gesture feels when it comes alongside the ongoing  Republican effort to undermine access to these very places.

While we may be hearing how treasured our public lands are from my  colleagues today, some of their actions paint a different picture.

Republicans are slashing the already underfunded land management  agencies' budgets. Republicans are firing hardworking Americans who  keep our public lands open and safe. Republicans are trying to sell off  our public lands for a quick buck.

Republicans are working to undo protections for national monuments,  trying to block updates to outdated resource management plans, and  pushing reckless development for extractive industries no matter the  public health or environmental consequences.

Republicans are attacking bedrock environmental and historic  preservation laws, attempting to erase and rewrite history in our  public lands, and working to turn our public lands into prisons and  detention centers.

Americans deserve better. They deserve public lands that are open,  well cared for, and honest about our history, not just a few symbolic  gestures and a free entrance day every now and then.

It is our responsibility to care for our public lands, to support the  people who care for them, and to ensure they reflect the full and  robust history of everyone who shaped this country. That is how we can  honor the past and ensure our public lands remain places that future  generations of Americans can learn from and enjoy.

Democrats will continue to stand up for our Federal workforce and to  fight to protect Americans' public lands.

Mr. Speaker, I urge support for this bill and reserve the balance of  my time.

Ms. RANDALL. Mr. Speaker, I am enthusiastically in support of this  policy, but I think I have to underscore, again, that our public lands  belong to all Americans, as the previous sponsor mentioned, regardless  of race, gender, socioeconomic status, or background.

The stories preserved at sites like Bainbridge Island Japanese  American Exclusion Memorial in my district serve as powerful reminders  of what happens when we allow fear and prejudice to override our values  of inclusion and justice. In this moment in our history as we celebrate  the semiquincentennial of our Nation, we are also watching history  attempt to repeat itself with the rounding up of Americans and the  rounding up of folks living in this country who are being persecuted in  our streets and on our public lands.

Mr. Speaker, I rise in support of this legislation and urge all my  colleagues to support it, as well. I also urge us to learn from our  history and to move forward more equitably.",https://justfacts.votesmart.org/public-statement/1697763/semiquincentennial-tourism-and-access-to-recreation-sites-act,2025-12-09,2025-W50,2025-12
Democrat,Mike Quigley,Liberty Versus Dictatorship,"Mr. QUIGLEY. Mr. Speaker, I thank the gentlewoman for yielding.

Mr. Speaker, for 1,176 days, people of Ukraine have lived under  constant threat of attack and attack. As the war has dragged on for  over 3 years, Ukrainians have refused to submit to Putin's violence. At  every turn, they have shown the world what it means to be fighting on  the front lines for democracy. At every turn, the Ukrainian people have  been willing to do what is necessary for protection and for peace.

When their sovereignty was threatened by Putin, they defended their  country courageously. When the opportunity for diplomatic negotiations  arose, they were willing to come to the table. In exchange for their  bravery and sacrifice, all they have asked for is respect for their  independence, their autonomy, and their democracy.

Peace between Ukraine and Russia must not come at Ukraine's expense.  We want peace. Ukrainians desperately want peace, but it cannot be a  Russian victory. In order to have a just and lasting peace, we must  return Ukraine to its 1991 borders. Ukraine must also have serious  security assurances from the U.S. and NATO so that Putin is deterred  from ever threatening the country again.

Russia must alone help fund this great construction after targeting  civilian infrastructure, including energy facilities, hospitals, and  schools. We must also hold Putin accountable for his army's war crimes,  like those in Bucha, which I witnessed, and for the kidnapping of  thousands of Ukrainian children.

As the Trump administration continues to push for negotiations  between Ukraine and Russia, we must all keep in mind exactly who we are  dealing with. Putin has refused to negotiate in good faith, reportedly  violating the very same cease-fire he unilaterally declared last week.  So far, he has refused to even direct negotiations with President  Zelenskyy in Turkiye.

This is the same man who has welcomed China's, Iran's, and North  Korea's support for his war effort. He has shown contempt for all  international democratic norms, both in his own country and in dealing  with others.

This is why the only way to deal with Putin is by sending a clear  message--a message of strength and of unity. As the United States has  for the better part of a century, we must continue to stand up to  tyrants and defend freedom. We have learned that isolationism and  appeasing autocrats is a losing strategy. As President Trump and his  administration continue to push for negotiations between Ukraine and  Russia, I encourage them to remember history. Remember the reasons we  fought the Second World War and the reasons we founded NATO.

Now is not the time to abandon our values or our position as a leader  of the free world. Now is the time to pressure Putin to end this brutal  war for good. The future of the Ukrainian people, the future of Europe,  and the future of democracy are dependent on how we meet this moment.  This is a moral, tactical, and strategic imperative.",https://justfacts.votesmart.org/public-statement/1691085/liberty-versus-dictatorship,2025-05-13,2025-W20,2025-05
Republican,Chuck Grassley,Iowa,"Mr. GRASSLEY. Mr. President, we are in the middle of what is known as  March Madness. I am not talking about budget reconciliation or tax  season; I am here to congratulate and say thank you to our outstanding  student athletes who have competed their hearts out on the court and on  the mat these last few weeks.

First, I want to pay tribute to our Iowa teams who made it into the  NCAA Division I basketball tournament. That includes Iowa State  University women's and men's teams, the University of Iowa women's  team, and the men's team at Drake University in Des Moines.

Division I wrestlers from the Iowa Hawkeyes, Iowa State Cyclones, and  my alma mater, the University of Northern Iowa, competed earlier this  month in Philadelphia.

I want to congratulate two teams from my home State who won their  respective collegiate championships this month. In the NCAA Division  III wrestling national championship, the Knights from Wartburg College  returned from Rhode Island as cochampions and with their 16th national  title--the most in Division III history. The women's basketball team at  Dordt University in Sioux Center returned to the NAIA national  championship held last week in Sioux City, IA. The Dordt Defenders  defended their title and are back-to-back champions.

Sports brings communities together from one generation to the next.  As loyal UNI Panther fans and proud boosters for Dike-New Hartford  athletics, Barbara and I would say that sports are like glue that  sticks, a refreshing antidote in these polarizing times.",https://justfacts.votesmart.org/public-statement/1689740/iowa,2025-04-08,2025-W15,2025-04
Democrat,Emilia Sykes,Providing for Congressional Disapproval of the Rule Submitted By the Environmental Protection Agency Relating to ``National Emission Standards for Hazardous Air Pollutants: Rubber Tire Manufacturing'',"Mrs. SYKES. Mr. Speaker, today I rise in opposition of H.J. Res. 61,  which would nullify an Environmental Protection Agency rule to  significantly reduce the unregulated toxic chemicals from tire  manufacturing facilities, facilities that my community is all too  familiar with.

In 1839, Charles Goodyear invented vulcanized rubber, revolutionizing  the way that the world travels. Decades later, the Goodyear Tire and  Rubber Company was founded and headquartered in Akron, Ohio, my  hometown, in Ohio's 13th Congressional District.

For many years, the city of Akron, which I proudly represent, has  been nicknamed the Rubber Capital of the World due to its long history  of rubber and tire manufacturing. This industry has provided decades  of local jobs, economic development, and financial stability to  countless families in Akron and the surrounding area.

Without rubber manufacturing, Akron would not be what it is today. In  fact, Mr. Speaker, my family fled the segregated South to find jobs in  these rubber factories, in the Firestone plant, and I stand here before  you a proud graduate of the Harvey S. Firestone High School, the  founder of the Firestone Tire and Rubber Company.

Yes, we are proud in the city of Akron to honor the legacy of rubber  workers in my district. As the centerpiece of downtown Akron's Main  Street corridor, you can find a statue of a rubber factory worker  standing tall in commemoration of their contributions to our community  that is 200 years old this year. Unfortunately, a generation later, we  know now that the stories of far too many rubber workers and families  included cancer, asthma, and other respiratory illnesses. Decades  without adequate regulation of toxic emissions from these plants have  taken a serious toll on the Akron community. Studies from the 1980s  found increased risk of leukemia among rubber plant workers in Akron  and respiratory illnesses in children nearby rubber plants. Goodyear's  St. Marys, Ohio, rubber plant vented carcinogenic vinyl chloride into  the environment in close proximity to a Boy Scout camp, and an Akron  plant vented dust contaminated with asbestos into surrounding  neighborhoods.

It should be no surprise that asthma and cancer remain challenges for  my community. In 2019, the Asthma and Allergy Foundation of America  designated Akron as an asthma capital alongside it being the rubber  capital, and ranked the city 14th in the list of the top 100 most  challenging places in America to live with asthma.

Thankfully, in 2024, Akron moved further down the list to 52, but we  would obviously prefer not to be on that list at all. Studies have also  shown that neighborhoods in southern Akron, like Summit Lake and  Kenmore, continue to pose lifetime cancer risk from industrial  pollution that is nearly twice the EPA's acceptable levels.

Unfortunately, everyone in Akron has a friend or a family member with  a cancer story. Too often, these stories involve working in rubber or  being too close to a plant.

The EPA rule that is the subject of this joint resolution estimates  that compliance with the rule will cost these multimillion dollar  corporations no greater than 1 percent of their annual revenue. Yes, I  know that can still be a lot of money, but to argue that these costs  are too great when the alternative is communities plagued with years of  increased cancer and asthma, as they are in my community, is just plain  insulting.

To be clear, I know the importance of the rubber industry to my  community. It is the reason why I stand here today. It is, quite  literally, why I get the opportunity to stand here today. I appreciate  rubber workers in Akron who helped make our city the rubber capital and  revolutionized the way in which we travel.

Mr. Speaker, we also built the best middle class that this country  has ever seen, but we cannot repeat history and continue to expose our  communities and our rubber workers to these toxic chemicals. This  resolution poses a danger to the public health of our communities  across the country.

Mrs. SYKES. Mr. Speaker, with Americans looking at a reduction in  critical healthcare services from the recently passed Republican  budget, including cuts to the Medicaid program that children with  asthma will need to access, this resolution could not come at a worse  time.

This is not hyperbole, and I hear my colleagues when they say on the  other side of the aisle that this may be problematic. I ask them to  hear me, standing on behalf of 786,000 people from the city of Akron,  representing northeast Ohio, a great-granddaughter of a rubber factory  worker, who knows what it is like to lose a friend because of cancer  due to some of these toxic chemicals: I don't want the same for my  colleagues' communities.

Mr. Speaker, I ask them to learn from our mistakes, and I ask my  colleagues in Congress to join me in opposition to this resolution.",https://justfacts.votesmart.org/public-statement/1688529/providing-for-congressional-disapproval-of-the-rule-submitted-by-the-environmental-protection-agency-relating-to-national-emission-standards-for-hazardous-air-pollutants-rubber-tire-manufacturing,2025-03-05,2025-W10,2025-03
Republican,"Tom Kean, Jr.",Recognizing Jay Post,"Mr. KEAN. Mr. Speaker, I rise today to recognize Jay Post--a  dedicated patriot, family man, and valued member of his community. Jay  moved to Westfield, New Jersey, in 1951. He graduated from Westfield  High School in 1957 and earned his degree from Siena College in 1961.  Soon after, he completed Officer Basic Training at the U.S. Army Field  Artillery School in Fort Sill, Oklahoma, and was deployed to Korea with  the 7th Infantry Division, where he helped defend the Demilitarized  Zone. After being honorably discharged as a First Lieutenant in 1963,  Jay worked for Ford Motor Company and later earned an MBA in Finance  from Columbia University. In 1965, he married his wife, Arleen. They  returned to Westfield to raise their four children, and in 1995, moved  to Mountainside, where they still live today.

I am pleased to join the Borough of Mountainside in recognizing Jay  Post as a Co-Grand Marshal of this year's Memorial Day Parade. His life  of service, leadership, and love of country is truly deserving of our  gratitude and shall be remembered for years to come.",https://justfacts.votesmart.org/public-statement/1691577/recognizing-jay-post,2025-05-21,2025-W21,2025-05
Democrat,Jimmy Gomez,Directing the President Pursuant to Section 5(C) of the War Powers Resolution to Remove United States Armed Forces From Unauthorized Hostilities in the Islamic Republic of Iran,"Mr. GOMEZ. Mr. Speaker, I rise today in strong support of this War  Powers Resolution. This is a war of choice disguised as a war of  necessity.

During the last several days, President Trump offered a shifting list  of justifications: regime change; retribution; helping protesters;  stopping Iran's missile and nuclear weapons program, a program that  Trump claimed just last year that he obliterated; and a ballistic  missile program that the Department of Defense says is not going to be  capable of reaching the U.S. until 2035.

The Secretary of State, Marco Rubio, offered another. He said that we  had to strike first in case Iran might retaliate after a possible  Israeli attack.

Think about that. It is not because Iran posed an imminent threat,  not because Congress authorized war, but because someone else might  attack.

This is not a strategy. This is cherry-picking facts and lying to the  American public to justify a predetermined decision to launch a war.

So Americans are asking two questions: Why are we doing this?

And how does it end?

The Constitution is clear. The President cannot start a war alone.

We need to make sure that the people's Representatives are involved.

Mr. GOMEZ. That is because once troops are in harm's way, missions  expand, and working families get a knock on the door that changes their  lives forever.

The cost of this war will not just be measured by dollars spent but  in lives lost, bodies broken, and conflicts that rarely stay confined  to where they began.",https://justfacts.votesmart.org/public-statement/1700494/directing-the-president-pursuant-to-section-5c-of-the-war-powers-resolution-to-remove-united-states-armed-forces-from-unauthorized-hostilities-in-the-islamic-republic-of-iran,2026-03-04,2026-W10,2026-03
Republican,Tom Tiffany,Congratulating Wisconsin's Seventh District Paralympic Athletes,"Mr. TIFFANY. Mr. Speaker, I rise today to congratulate the Paralympic  athletes from Wisconsin's Seventh District on earning the prestigious  honor of competing as part of Team USA in the upcoming Olympics and  Paralympic Winter Games starting this Friday, February 6.

Liam Cunningham of River Falls is competing in sled hockey. Dan Rose  of Tomah and Matt Thums of Ogema are both competing in wheelchair  curling. They overcame tremendous obstacles and hardships to earn their  position with Team USA. They are role models to young athletes  everywhere, proving that with resilience and determination, Mr.  Speaker, you can achieve any goal you set your mind to.

Keep up the hard work and good luck. Make Wisconsin proud.",https://justfacts.votesmart.org/public-statement/1699752/congratulating-wisconsins-seventh-district-paralympic-athletes,2026-02-04,2026-W06,2026-02
Democrat,Hakeem Jeffries,Rescissions Act of 2025,"Mr. JEFFRIES. Mr. Speaker, I thank the distinguished gentlewoman from  the great State of Connecticut for yielding and for her tremendous  leadership in pushing back against this reckless Republican rescissions  package.

It is extraordinary to me that, once again, we are on the floor of  the House of Representatives not debating legislation that Republicans  bring forward, Mr. Speaker, that is designed to lower the high cost of  living in the United States of America, a promise that Republicans  repeatedly made last year to the American people and now have  repeatedly broken.

Throughout this Congress, not a single bill has been brought to the  House floor by my Republican colleagues that addresses the high cost of  living in the United States of America--not a single bill.

House Republicans and President Trump promised that costs were going  to go down in the United States of America. In fact, the majority has  said that costs were going to go down on day one. Yet, we know that  costs haven't gone down in this great country, Mr. Speaker. Costs have  gone up.

America is too expensive. Housing costs are too high. Grocery costs  are too high. Utility costs are too high. Childcare costs are too high.  Insurance costs are too high. America is too expensive.

Republicans have decided that, in the face of this affordability  crisis in the United States of America, the majority is going to  undermine America's ability to protect our national security through  the exercise of soft power and addressing in a bipartisan way the HIV  and AIDS epidemic, a program that was first put into place by President  George W. Bush and has saved the lives of millions of people across the  world and, of course, people here at home by fighting against this  epidemic.

America is made safer when we are able to invest in diplomacy,  development, and democracy across the world, particularly in the face  of aggressive efforts by China, Russia, and other malignant actors to  move the world in a different place.

Mr. Speaker, this reckless Republican rescissions package will  undermine America's national security and undermine public health here  in this country and across the world. It actually represents an attack  on children.

This is extraordinary to me. We are on the floor of the House of  Representatives not debating legislation that is designed to make this  country and our economy more affordable but actually debating  legislation that targets Elmo, Big Bird, Daniel Tiger, and ``Sesame  Street.'' That is what we are doing by going after public broadcasting  in the United States of America.

``Sesame Street'' has a letter of the day. I believe the letter of  the day today is C. How appropriate because this Republican bill is  cruel, and it cuts children's programming all across the country.

How can this be that Republicans' priority right now does nothing on  the economy, nothing to make life more affordable, and nothing to  address the high cost of living? Instead, Republicans are attacking  Elmo, ``Sesame Street,'' Big Bird, and Daniel Tiger. Republicans'  priorities are all wrong.

This is on top of a GOP tax scam, Mr. Speaker, where Republicans are  trying to visit on the American people the largest cuts to healthcare  in American history, targeting Medicaid, Medicare, the Affordable Care  Act, the Children's Health Insurance Program, and women's health by  trying to defund Planned Parenthood. That is what Republicans in this  Congress are trying to do through the GOP tax scam, this disgusting  abomination, the one big, ugly bill.

My Republican colleagues are going after school lunch programs for  children, supplemental nutrition assistance for children, and now  children's programming.

That doesn't suggest to me that my colleagues on the other side of  the aisle are actually trying to strengthen families. This legislation  would weaken families. It would weaken our ability to lead throughout  the free world and weaken public health and safety for everyday  Americans and people all across this country.

Mr. Speaker, I urge a ``no'' vote.

Also, I am hopeful that my colleagues on the other side of the aisle  will at some point actually decide to focus on the issues that matter,  to lift children up, not target them; to lift families up, not target  them; to lift older Americans up, not target them; to lift veterans up,  not target them; and to lift healthcare for everyday Americans up, not  target them. That is what House Democrats will continue to do on behalf  of the American people. It is high time that our Republican colleagues  join us.

Vote ``no'' against this reckless Republican rescissions package.",https://justfacts.votesmart.org/public-statement/1692530/rescissions-act-of-2025,2025-06-12,2025-W24,2025-06
Democrat,Betty McCollum,"Condemning the Violent June 2025 Riots in Los Angeles, California","Ms. McCOLLUM. Mr. Speaker, I rise in strong opposition to H. Res.  516, the Condemning the violent June 2025 riots in Los Angeles,  California. It is deeply unfortunate that instead of working with  Democrats on a bipartisan resolution to condemn violence, Republicans  have instead written a partisan resolution designed to attack elected  officials in California. Furthermore, the resolution fails to recognize  the premature and escalatory deployment of the National Guard and  active-duty Marines by President Trump to Los Angeles.

When the House of Representatives passes a resolution regarding  current events, it should do its due diligence to cite the facts.  Unfortunately, it is clear the Republican majority had no interest in  accurately portraying the protests in Los Angeles when they wrote H.  Res. 516. Instead, the resolution perpetuates a false narrative about  Democratic elected officials in California. H. Res. 516 states that  local elected officials did not adequately respond to the bad actors  and trouble-doers. These claims are patently false. Mayor Karen Bass of  Los Angeles implemented a multi-day curfew and surged law enforcement  resources to downtown Los Angeles to maintain control of the situation.  This kept the situation contained to 10 blocks of the downtown area.

But even when the Los Angeles Chief of Police stated that the  demonstrations ``were nowhere near a level'' where the National Guard  was needed, President Trump disregarded his opinion and took the  escalatory action of deploying 2,000 members of the California National  Guard to Los Angeles. Then, on June 10, the President deployed 700  active-duty Marines. Our active-duty military has absolutely no legal  role in domestic law enforcement. Los Angeles County has 17,000 law  enforcement personnel who are well trained in crowd control. There was  no need for the National Guard or the Marines to be deployed by the  President, and his decision sets a dangerous precedent for the future.

Republicans had the opportunity to bring a resolution introduced by  my colleague, Representative Barragan, condemning violence and bad  actors, and thanking local law enforcement for their work. Instead,  Republicans chose to use the unrest in Los Angeles to play partisan  games and attack Democrats in California.

Mr. Speaker, it is our duty as public servants to tell the truth. We  should all stand for condemning violence, de-escalation of force, and  the right to peacefully protest. It is unfortunate that this resolution  walks away from these principles. I cannot support it.",https://justfacts.votesmart.org/public-statement/1693150/condemning-the-violent-june-2025-riots-in-los-angeles-california,2025-07-02,2025-W27,2025-07
Democrat,Kevin Mullin,Providing Congressional Disapproval of the Rule Submitted By the Environmental Protection Agency Relating to ``California State Motor Vehicle and Engine and Nonroad Engine Pollution Control Standards; the `omnibus' Low Nox Regulation; Waiver of Preemption; Notice of Decision'',"Mr. MULLIN. Madam Speaker, I rise today in opposition to the  Republicans' dangerous attempt to revoke California's ability to  protect public health and reduce toxic vehicle emissions.

The Clean Air Act is clear. California has the fundamental right to  adopt vehicle emission standards that support our communities' unique  needs better than Federal standards.

This isn't new. It has been the law for more than 50 years, and the  Clean Air Act has been upheld by every administration, Republican and  Democrat. Republicans are making an extremist attack on this precedent,  and it is utterly hypocritical for them to call for States' rights when  it suits them.

I spent 10 years in the California Legislature, and I know firsthand  how critical it is for our States to meet the needs of our local  communities whose health and safety are at risk due to pollution.

The consequences of this are real. Toxic air pollution causes asthma,  heart disease, and contributes to over 100,000 deaths in America every  year. We have a moral duty to protect our residents from unnecessary  toxic air pollution and environmental harm.

Let's be clear. This attack comes as Republicans are trying to gut  Medicaid. While they are stripping healthcare from millions of  Americans, at the same time they are attacking our ability to protect  public health. It makes no sense.

It also makes no sense to create chaos for automakers that already  agreed to meet these standards with investments in domestic EV  production and manufacturing that created over 200,000 new jobs and  nearly $200 billion in private investment.

If they really cared about reducing costs for American families,  Republicans would focus on reversing Trump's reckless tariffs that are  increasing car prices by up to $15,000.

This is a hyperpartisan, political stunt that wastes everyone's time.  The Government Accountability Office has explicitly said that Congress  cannot use this process to overturn California's waivers with the EPA,  and we should not pretend otherwise.

Madam Speaker, I urge my colleagues to reject this effort. Let's  stand up for clean air, State rights, and for the health of the  American people.",https://justfacts.votesmart.org/public-statement/1690436/providing-congressional-disapproval-of-the-rule-submitted-by-the-environmental-protection-agency-relating-to-california-state-motor-vehicle-and-engine-and-nonroad-engine-pollution-control-standards-the-omnibus-low-nox-regulation-waiver-of-preemption-notice-of-decision,2025-04-30,2025-W18,2025-04
Democrat,Greg Stanton,Expression of Outrage on National Day of Awareness for Missing and Murdered Indigenous Women and Girls,"Mr. STANTON. Mr. Speaker, I rise on the National Day of Awareness for  Missing and Murdered Indigenous Women and Girls to express my outrage  over more broken promises.

In my home State of Arizona, we are mourning the death of 14-year-old  Emily Pike, a member of the San Carlos Apache Tribe. Emily disappeared  from Mesa earlier this year and was  found brutally murdered 2 weeks later off of U.S. Highway 60.

Months later, her case remains unsolved. Emily Pike, like Hanna  Harris 30 years ago and hundreds and hundreds of native women and  girls, should be alive today.

It is far too common that their cases go cold and that loved ones are  left without answers and without justice.

To this day, the MMIP crisis remains the most underreported, under- discussed, and under-resourced tragedy in America, and Congress and  Presidents have promised for decades to do much more to address it.

Despite some progress towards justice for victims and their families,  Trump's budget announced Friday strips millions of dollars from public  safety and criminal justice programs across Indian Country. We have the  unique trust responsibility to our Tribal Nations and rarely, if ever,  has our Federal Government delivered.",https://justfacts.votesmart.org/public-statement/1690670/expression-of-outrage-on-national-day-of-awareness-for-missing-and-murdered-indigenous-women-and-girls,2025-05-05,2025-W19,2025-05
Democrat,Andrea Salinas,One Big Beautiful Bill Act,"Ms. SALINAS. Mr. Speaker, with this bill, my Republican colleagues  are betraying the American people.

In the dark of morning, they are trying to ram through legislation  that will raise costs, strip away healthcare, take food off the tables  of working families, and increase energy costs for all Americans, all  to give tax breaks to billionaires and corporations.

Cuts to Medicaid will shutter rural hospitals, nursing homes, and  health centers, leaving families with higher costs and nowhere to turn  for care.

As millions of families right now are struggling to put food on the  table, this bill cuts funding for nutrition assistance, forcing  children, veterans, and seniors to go hungry.

This bill raises costs on everything, from energy bills to  prescription medications.

This bill is a grave mistake. If it passes, my Republican colleagues  may pay for it at the ballot box, but countless Americans will pay for  it with their lives.

I urge my colleagues to have the moral courage to oppose this bill.",https://justfacts.votesmart.org/public-statement/1693160/one-big-beautiful-bill-act,2025-07-02,2025-W27,2025-07
Republican,Julie Fedorchak,"Supporting the Big, Beautiful Bill","Mrs. FEDORCHAK. Mr. Speaker, I appreciate the leadership of both Mr.  Moore and Mr. Arrington. Both of them are great mentors to me as a new  Member. I hope I can aspire to be as strong as they are someday.

Working-class families, seniors on fixed incomes, farmers growing our  food, restaurant waitresses working double shifts, law enforcement  officers putting in overtime, manufacturers keeping the lights on, and  border communities shouldering a burden Washington created are who the  one big, beautiful bill is going to help.

Who are these people? These aren't the millionaires and billionaires.  These are everyday Americans. Despite what we hear from the Democrats  and the media over and over again, this bill isn't tax cuts for the  rich. It is not about eliminating healthcare for people who need it.

This big, beautiful bill is pro-family, pro-business and workers,  pro-American energy and agriculture, pro-border and national security.  Above all, it is pro-growth and pro-common sense.

Let me spend a few minutes talking about what that all means. Let's  talk first about pro-family. My husband, Mike, and I have three  children. Raising a family is one of life's greatest blessings and  biggest responsibilities. Government should not make it even harder.

That is why the tax relief is a top priority for Republicans in  Washington and is the centerpiece of the one big, beautiful bill. This  bill includes a commonsense tax package that extends existing tax  policy, avoiding the highest tax increase in U.S. history. That is  right. This bill just extends existing tax policy, improves it, and  avoids the highest tax increase in history.

It also enhances tax relief for working families. This one big,  beautiful bill lets North Dakotans and Americans keep more of their  hard-earned money.

A few key provisions include increasing the child tax credit to  $2,500 per child; raising the standard deduction for all filers;  establishing savings accounts for newborns; and creating a new  deduction on Social Security benefits for senior citizens.

For the average family of four in North Dakota, this package will  help save an estimated $1,600 in taxes. That buys about 8 weeks of  groceries. This is American money staying with the American family,  which is exactly where it belongs.

This bill is also pro-business. The one big, beautiful bill also  includes a long list of reforms and investments that will make America,  including our small businesses, stronger and more competitive.

Our goal is to reward entrepreneurship, to reward hard work, and to  grow the economy. For small businesses, we permanently increased the  small business deduction to 23 percent. This will impact 67,000 North  Dakota businesses.

This bill will allow 100 percent immediate expensing for equipment  and facility upgrades and raise the death tax exemption, helping  families pass down their farm or ranch to the next generation.

For workers, the one big, beautiful bill significantly reduces taxes  on tips and overtime. This lets servers, bartenders, and hourly workers  keep more of their money. This means that waitresses working late and  the factory worker picking up an extra shift will finally keep more of  what they earned.

It is time to bring common sense and competitiveness back to our  economy, which is exactly what this bill does.

I will talk a bit about energy and agriculture, big industries for my  State in North Dakota. We are slamming the breaks on the Biden  administration's radical energy agenda. The one big, beautiful bill  repeals over $500 billion in the style of Green New Deal spending and  boosts mineral development to reduce our reliance on China for critical  materials.

It ends electric vehicle mandates and subsidies funded by taxpayers  for wind and solar. This is a provision I have been working hard on  since I arrived in Congress.

I am especially excited by the provisions in the one big, beautiful  bill that support our North Dakota farmers and ranchers.

In addition to the tax provisions in the bill, which are very  important for our farmers and ranchers, this bill significantly  improves the core safety net and risk management tools by increasing  reference prices and improving crop insurance.

It expands flexibility for family farms to reinvest in equipment,  inputs, and labor. It renews 100 percent expensing for capital  purchases so producers can write off the cost of new machinery,  infrastructure improvements, or production facilities right away.

The bill also delivers on President Trump's promise to secure the  border and enhance national security.

This bill includes the largest investment in border security in over  a generation. There is nearly $150 billion to secure the border and  deport criminal illegal aliens. We are restoring order at the border  and restocking our military.  We increase pay, housing, and healthcare for our servicemembers. We  rebuild our naval fleet, modernize our air traffic control system, and  restock the munitions America needs to defend itself.

Finally, this bill is pro-common sense. There are no more student  loan bailouts, no more tax dollars for abortions or transgender  surgeries on minors, and no more benefits for illegal immigrants who  break our laws.

We are making universities pay more from their endowments, and we are  taxing nonprofits that support terrorism.

We even impose a small fee on electric vehicles because they use our  roads, too, and should help fund the highway trust fund.

It provides tax relief to Americans to exercise their Second  Amendment rights for the first time in history.

I was proud to help move this legislation forward because North  Dakotans and all Americans are tired of waste and overreach, and they  are ready for real results from Washington.

This is about more than fixing broken policies. It is about turning  the page on the last 4 years of dysfunction, division, and decline and  writing a new chapter where government once again serves the people,  where families can afford to grow, small businesses can afford to hire,  and rural communities can thrive without interference from Washington.

It is about restoring common sense, restoring accountability, and  rebuilding an America where people aren't just getting by. They are  getting ahead.

This bill puts working families first. It reins in bureaucracy. It  returns power to the people where it belongs.

Most importantly, this bill is just the beginning.

What an exciting time. I couldn't be happier to be here working with  these great leaders and bringing forward important legislation just  like this to make things better for America and the American people.",https://justfacts.votesmart.org/public-statement/1691959/supporting-the-big-beautiful-bill,2025-06-04,2025-W23,2025-06
Democrat,Tammy Baldwin,Recognizing the Centennial of Messmer High School,"Ms. BALDWIN. Mr. President, today I rise to recognize Messmer High  School in Milwaukee, WI, on their 100th anniversary. I am pleased to  honor this organization and to commemorate this historic milestone.

Founded by Archbishop Sebastian Messmer in 1926 in the city of  Milwaukee, Messmer High School was built on a vision of uniting  Milwaukee's Catholic parishes and providing a high-quality education  rooted in faith for the city's immigrant families. For the past 100  years, Messmer has been a cornerstone of education and opportunity in  Milwaukee.

In the 1920s, Milwaukee was a diverse industrial city defined by  established immigrant communities. There were large German, Polish,  Italian, Mexican, and Eastern European immigrant populations throughout  the city, many of which were working-class and low-income. Throughout  its early years, led by the School Sisters of Notre Dame and the  Capuchin Friars, Messmer quickly became a thriving center of academic  excellence, spiritual formation, and community spirit.

Over the past century, Messmer has earned a reputation for its  welcoming, family-like culture and a commitment to preparing students  for both college and the trades. After the Great Depression and World  War II, the school evolved with the changing landscape of Milwaukee to  embrace new generations of students from diverse backgrounds. Messmer  has become one of Milwaukee's most integrated Catholic high schools  through its model of inclusion and faith in action.

In the 1980s, the archdiocese announced plans to close the school.  However, a group of determined parents and alumni refused to let  Messmer's mission die. This grassroots effort is deemed the ``Messmer  Miracle'' and helped reopen the school while instilling a lasting sense  of pride in the institution. Countless people and families have been  shaped by Messmer over the past 100 years through the education it  provides and the strong sense of community it fosters.

As we honor this significant milestone for Messmer High School, I am  grateful for their continued education of Milwaukee's youth, and I look  forward to its continued success in the years to come.",https://justfacts.votesmart.org/public-statement/1701827/recognizing-the-centennial-of-messmer-high-school,2026-04-16,2026-W16,2026-04
Democrat,Brendan Boyle,Recognizing the Retirement of Paula McKinney-Rainey,"Mr. BOYLE of Pennsylvania. Mr. Speaker, I rise today to recognize and  congratulate Paula McKinney-Rainey, both a constituent of mine and a  valued member of my staff, as she retires from the House of  Representatives next month.

Paula is a proud Philadelphian and is an alumnus of Penn State  University, as well as an active member of Alpha Kappa Alpha. Prior to  joining my office in 2015, she had extensive experience working in  state and local governments as well as the nonprofit sector in a  variety of capacities. Paula was a Management Analyst in the County of  Los Angeles Chief Administration Office before spending several years  serving Pennsylvanians in roles with the Pennsylvania Department of  Community and Economic Development and the Governor's Office of Housing  and Community Revitalization.

Through Paula's almost eleven years of service in my office, she has  helped thousands of constituents with a variety of issues. Through her  extraordinary efforts, Paula has demonstrated outstanding care and  empathy for those she serves. Over the years, she has also been an  indispensable community representative on my behalf, providing  countless constituents and stakeholders with information on how our  office and their government can help them in their moment of need.

In addition to her role in my office, Paula is also a longtime  dedicated community leader. For more than twenty years, she has served  as a Philadelphia Committeeperson in the city's 61st Ward, working  thirteen hour days at polling stations every Election Day to help  educate voters.

Mr. Speaker, I hope all my colleagues will join me to congratulate  Paula on her retirement, thank her for her exceptional career as a  civil servant, and commend her on her unwavering commitment to not just  the City of Philadelphia, but to our entire Nation.",https://justfacts.votesmart.org/public-statement/1700318/recognizing-the-retirement-of-paula-mckinney-rainey,2026-03-02,2026-W10,2026-03
Democrat,Jerry Nadler,Recognizing Daniel Rubin and His Service to the House of Representatives,"Mr. NADLER. Mr. Speaker, I rise today to thank Daniel Rubin for his  outstanding service to the House of Representatives, to the House  Judiciary Committee, and to the constituents of New York's 12th  Congressional District.

Daniel Rubin is an exceptional talent, with years of experience  working at the highest levels of Congress on the most crucial legal  issues of the day. He has a razorsharp mind, an inquisitive nature, and  a unique ability to accurately identify the key question that must be  addressed in any given situation.

Daniel Rubin has worked directly on the Judiciary Committee and the  Ways and Means Committee and has worked with Members who served on the  Budget, Oversight, and Education and the Workforce committees. It is  truly rare to find someone with his breadth and depth of experience  working in the House for as long as Daniel has. That is a testament to  his commitment to public service and his ability to gain the trust of  multiple Members of Congress from diverse backgrounds.

Not all positions on the Hill are equal, and Daniel has had perhaps  the toughest assignment. He routinely handles the most challenges  questions put to lawmakers by the Capitol Hill press corps. They are  trained to find vulnerabilities in any argument and expose them to the  public. They are tenacious and intelligent, and Daniel does an  excellent job working with them every day to get them the information  they seek and to do so in a way that is most beneficial to the Members  and Committees he is working for. It is not an easy task, but Daniel  does it with exceptional skill.

While working with us he has maintained excellent relationships  across a broad spectrum of writers, editors, and producers. He reads  voraciously and is always well informed and well prepared for the  challenges presented by his work. He is an excellent writer and a  master communicator.

I enjoyed working closely with Daniel on the House Judiciary  Committee and in my personal office for the past several years.  Together we worked with dozens of Members of Congress to help shape our  strategy, messaging, and legal approach in countless hearings and  markups. We identified the most powerful messages and amplified them in  the press and on social media.

Daniel built the greatest social media operation of any Committee on  Capitol Hill--training and supervising staff that were nimble,  provocative, and engaging. Under his supervision the number of  subscribers and their level of engagement with our content far outpaced  the traditional House committee.

Daniel has been at the epicenter of all of our crisis communications,  tackling difficult questions with a level head, and providing excellent  advice. My senior management team and I have always trusted Daniel's  judgment and strategic thinking. While working separately on my  campaign, Daniel helped propel me to a 30-point victory over a fellow  Democratic Committee Chair in a tough New York primary. He was  essential in debate preparation and worked with me to anticipate  questions and ensure that I was ready to respond in the most powerful  way possible. He led the communications team during the primary and  helped me secure the New York Times endorsement.

I wish Daniel the best of luck as he continues to fight for the  rights and liberties of all people and I thank him for his service.",https://justfacts.votesmart.org/public-statement/1693365/recognizing-daniel-rubin-and-his-service-to-the-house-of-representatives,2025-07-10,2025-W28,2025-07
Republican,Gus Bilirakis,Informing Consumers About Smart Devices Act,"Mr. BILIRAKIS. Mr. Speaker, I move to suspend the rules and pass the  bill (H.R. 859) to require the disclosure of a camera or recording  capability in certain internet-connected devices.

The Clerk read the title of the bill.

The text of the bill is as follows:                                  H.R. 859

Be it enacted by the Senate and House of Representatives of       the United States of America in Congress assembled,       SECTION 1. SHORT TITLE.

This Act may be cited as the ``Informing Consumers about       Smart Devices Act''.       SEC. 2. REQUIRED DISCLOSURE OF A CAMERA OR RECORDING                     CAPABILITY IN CERTAIN INTERNET-CONNECTED                     DEVICES.

Each manufacturer of a covered device shall disclose,       clearly and conspicuously and prior to purchase, whether the       covered device manufactured by the manufacturer contains a       camera or microphone as a component of the covered device.       SEC. 3. ENFORCEMENT BY THE FEDERAL TRADE COMMISSION.

(a) Unfair or Deceptive Acts or Practices.--A violation of       section 2 shall be treated as a violation of a rule defining       an unfair or deceptive act or practice prescribed under       section 18(a)(1)(B) of the Federal Trade Commission Act (15       U.S.C. 57a(a)(1)(B)).

(b) Actions by the Commission.--

(1) In general.--The Federal Trade Commission (in this Act       referred to as the ``Commission'') shall enforce this Act in       the same manner, by the same means, and with the       same jurisdiction, powers, and duties as though all       applicable terms and provisions of the Federal Trade       Commission Act (15 U.S.C. 41 et seq.) were incorporated into       and made a part of this Act.

(2) Penalties and privileges.--Any person who violates this       Act or a regulation promulgated under this Act shall be       subject to the penalties and entitled to the privileges and       immunities provided in the Federal Trade Commission Act (15       U.S.C. 41 et seq.).

(3) Savings clause.--Nothing in this Act shall be construed       to limit the authority of the Commission under any other       provision of law.

(c) Commission Guidance.--Not later than 180 days after the       date of enactment of this Act, the Commission, through       outreach to relevant private entities, shall issue guidance       to assist manufacturers in complying with the requirements of       this Act, including guidance about best practices for making       the disclosure required by section 2 as clear and conspicuous       and age appropriate as practicable and about best practices       for the use of a pictorial (as defined in section 2(a) of the       Consumer Review Fairness Act of 2016 (15 U.S.C. 45b(a)))       visual representation of the information to be disclosed.

(d) Tailored Guidance.--A manufacturer of a covered device       may petition the Commission for tailored guidance as to how       to meet the requirements of section 2 consistent with       existing rules of practice or any successor rules.

(e) Limitation on Commission Guidance.--No guidance issued       by the Commission with respect to this Act shall confer any       rights on any person, State, or locality, nor shall operate       to bind the Commission or any person to the approach       recommended in such guidance. In any enforcement action       brought pursuant to this Act, the Commission shall allege a       specific violation of a provision of this Act. The Commission       may not base an enforcement action on, or execute a consent       order based on, practices that are alleged to be inconsistent       with any such guidelines, unless the practices allegedly       violate section 2.       SEC. 4. DEFINITION OF COVERED DEVICE.

As used in this Act, the term ``covered device''--

(1) means a consumer product, as defined by section 3(a) of       the Consumer Product Safety Act (15 U.S.C. 2052(a)) that is       capable of connecting to the internet, a component of which       is a camera or microphone; and

(2) does not include--

(A) a telephone (including a mobile phone), a laptop,       tablet, or any device that a consumer would reasonably expect       to have a microphone or camera;

(B) any device that is specifically marketed as a camera,       telecommunications device, or microphone; or

(C) any device or apparatus described in sections 255, 716,       and 718, and subsections (aa) and (bb) of section 303 of the       Communications Act of 1934 (47 U.S.C. 255; 617; 619; and       303(aa) and (bb)), and any regulations promulgated       thereunder.       SEC. 5. EFFECTIVE DATE.

This Act shall apply to all covered devices manufactured       after the date that is 180 days after the date on which       guidance is issued by the Commission under section 3(c), and       shall not apply to covered devices manufactured or sold       before such date, or otherwise introduced into interstate       commerce before such date.

Mr. Speaker, I rise today in strong support of H.R. 859, the  Informing Consumers About Smart Devices Act led by Representative  Fulcher.

In recent years, we have witnessed remarkable advancements in  consumer goods technologies. While these innovations certainly make  daily life more convenient, they also carry the risk of collecting data  from users, often without their knowledge.

It is clear to most people that devices like laptops have the  capability to record sound and video. It may not be so obvious that  other household devices such as televisions or refrigerators can do the  same thing.

This bipartisan legislation seeks to address this gap by requiring  manufacturers of internet-connected devices that contain a microphone  or camera, but aren't marketed as consumer electronics, to disclose the  presence of these components to consumers.

This is a very important bill. I commend the vice chairman of the  Subcommittee on Commerce, Manufacturing, and Trade for sponsoring this  particular bill.

Mr. Speaker, I urge unanimous support for H.R. 859, and I reserve the  balance of my time.

Mr. BILIRAKIS. Mr. Speaker, I couldn't agree more. There is no  question that this is definitely needed.

Mr. BILIRAKIS. Mr. Speaker, I commend Representative Fulcher, the  vice chairman of the subcommittee, and also Representative Mouton for  this really good bill.

Mr. Speaker, I urge unanimous passage, and I yield back the balance  of my time.

Mr. BILIRAKIS. Mr. Speaker, on that I demand the yeas and nays.

The yeas and nays were ordered.",https://justfacts.votesmart.org/public-statement/1690179/informing-consumers-about-smart-devices-act,2025-04-28,2025-W18,2025-04
Democrat,Suhas Subramanyam,Congratulating Military Academy Appointees,"Mr. SUBRAMANYAM. Mr. Speaker, I rise to congratulate 37 outstanding  students in my district who accepted appointments to the Nation's  military academies. They just reported last week, and these are  incredibly impressive young men and women.

My district, Virginia's 10th, has an incredibly competitive process  and nominates the most number of people  to military academies of any district in the country.

These young men and women were able to get through our rigorous  progress by demonstrating leadership, patriotism, and a commitment to  service.

We thank the students for their dedication, their courage, and their  willingness to answer the call. We look forward to seeing the  incredible impact they will have as future leaders of our Armed Forces.                         Medicaid Paperwork Red Tape

Mr. SUBRAMANYAM. Mr. Speaker, we keep hearing the same thing about  the big, ugly bill the President signed last week. We hear we are  keeping Medicaid for the people who need it and only kicking off able- bodied people. This is simply not true.

These cuts to people's benefits are a little sneaky. It is not a work  requirement. It is a paperwork requirement. They want to inundate  people who need Medicaid as a lifeline with paperwork that will be  difficult for them to do.

These are folks with health issues, folks on Medicaid with  disabilities, mothers and fathers with multiple jobs and kids, or  without access to reliable broadband in a few cases.

The red tape imposed on Medicaid by this bill isn't meant to be a  flaw. It is the whole point. That is why they have pushed it forward  past the next election.

We have seen this before. In Arkansas and Georgia, they promised to  save taxpayer money with ``work requirements.'' All they did was kick  people off who actually needed it the most. Unemployment rates didn't  go up. Why? Many people on Medicaid are already working.

Who is better at paperwork? Is it someone on disability who Medicaid  was intended for or someone who wants to defraud the system?

Most of the waste, fraud, and abuse in Medicaid is actually from  providers and not from the folks who need it. No, the real fraud is  this paperwork requirement. We need to get rid of it.                       Concern for Educational Funding

Mr. SUBRAMANYAM. Mr. Speaker, I rise today out of deep concern for  students across Virginia and the country. Right now, this  administration is withholding nearly $7 billion in congressionally  approved education funding.

This is money meant for public schools. These fund after-school  programs, teacher training, literacy training, and more. Without  warning, the administration froze them. The result has been delays and  potential cuts and layoffs. School districts, including the ones that I  represent, are now scrambling to fill unexpected budget gaps.

I have heard directly from educators in my district whose jobs will  be on the line and whose students risk losing vital support if this  funding isn't restored.

It is our students who will pay the ultimate price, but it doesn't  stop there. The Department of Education has been painfully slow to  respond to those seeking help.

My constituents have been waiting for months for the Public Service  Loan Forgiveness that they are owed. Others have been placed on  incorrect student loan payment plans and subjected to poor treatment  from loan providers. They are left frustrated and financially strained.

The administration must release K-12 funding and allow the Department  of Education to continue their work. Our students deserve better than  this waste and red tape.                       Congratulating Madison Whitbeck

Mr. SUBRAMANYAM. Mr. Speaker, congratulations to former Ms. Loudoun  County, now Ms. Virginia, Madison Whitbeck.

Madison is a proud graduate of Riverside High School in Loudoun  County where she cultivated a love for the arts. Madison will spend the  year traveling to over 70 elementary schools, teaching students  curriculum on making health choices relating to drugs and alcohol.

She will begin her work on the Arts for All initiative, as well,  seeking to expand access to the arts for students across the  Commonwealth.

Mr. Speaker, we congratulate Madison, and we look forward to seeing  all the great things that she does.                        U.S. Embassy Visa Uncertainty

Mr. SUBRAMANYAM. Mr. Speaker, I rise today to highlight a concern I  have heard from many constituents about the delays and uncertainty in  the visa process at U.S. Embassies, particularly in Islamabad.

Families in my district have cases stuck in administrative processing  with no clear timeline. These delays are keeping families apart,  creating needless anxiety and making it impossible to plan for the  future.

Just last week, this administration announced the firings of 1,300  staff at the State Department. That is 1,100 civil servants and 246  Foreign Service officers.

While these cuts may not directly impact those embassy operations,  they are only going to have a domino effect that is going to hurt every  single embassy around the country and around the world.

At a time of heightened conflict and global uncertainty, we should  invest in our diplomatic and consular capacities, not reducing them. I  hope that the work in Islamabad has improved so that our constituents  can be served better.",https://justfacts.votesmart.org/public-statement/1693568/congratulating-military-academy-appointees,2025-07-15,2025-W29,2025-07
Democrat,Chris Pappas,Cuts to Medicaid,"Mr. PAPPAS. Mr. Speaker, I rise today because healthcare through  Medicaid, covering more than 10 percent of residents and more than 30  percent of all kids in New Hampshire, is on the line.

Their access to lifesaving preventative care, long-term care, and  mental health and addiction treatment will be put at risk by the cruel  and fiscally reckless budget being proposed by Republicans in the  House.

In addition, New Hampshire's Medicaid expansion, established on a  bipartisan basis, would end with any decrease in Federal funds, leaving  68,000 Granite Staters uninsured and devastating our hospitals and  community health centers.

I have heard from literally thousands of Granite Staters on this  issue, including a woman who contacted my office and shared her fears  that cuts to Medicaid would leave her family homeless. She is a  caretaker to two family members and worries they won't be able to  survive on one income if they lose their health coverage.

I will continue to do everything I can to stop a budget that places  the burden of cuts on New Hampshire families like hers to finance  massive tax breaks to the superrich. I urge my colleagues to stand up  against this betrayal of working families and instead focus on how we  can work together to make life safer, healthier, and more affordable  for all Americans.",https://justfacts.votesmart.org/public-statement/1689237/cuts-to-medicaid,2025-03-27,2025-W13,2025-03
Democrat,Patty Murray,Housing for the 21st Century Act,"Mrs. MURRAY. Mr. President, it has been nearly 6 weeks--6 weeks-- since Alex Pretti was killed by masked Federal agents in broad  daylight. It has been over 9 weeks since Renee Good was killed. And day  after day, week after week, we have seen Americans brutalized by an  out-of-control Department of Homeland Security--American citizens  detained without cause, children ripped away from their families--as  this administration treats them like political pawns in their sick  games. We have seen peaceful protesters have their windows broken in by  untrained and unidentifiable agents. And we have seen more people get  hurt and even die because of how ICE and Border Patrol have been  conducting themselves.

In this entire time, Democrats have been pushing for serious reform  to rein in these Agencies. For months, I have been at the table in good  faith, pushing to secure basic accountability measures for ICE and  Border Patrol. We are talking about standards local police already  follow across the country.

But even before Alex Pretti was shot and killed, Republicans and this  White House, in particular, were telling us no on many basic reforms  that would rein in ICE and CBP.

We pushed for commonsense steps to make sure poorly trained agents  and officers do not trample the basic rights of American citizens and  kill them for no reason. And we pushed for steps to prevent these rogue  Agencies from hiding the facts from the public and sweeping everything  under the rug.

But my colleagues across the aisle came back to us and said: Sorry,  we cannot agree to those.

Sometimes, my Republican colleagues were willing to take one modest  step or another, which I appreciate, only to have to come back and say  the White House was not willing to do that, and they had to hold the  line. Or worse, they backtracked on measures we agreed to because of  fears of what the White House would think.

And now, here we find ourselves, nearly 6 weeks after Alex Pretti's  brutal killing, and Republicans so far have continued to refuse to join  us to pass any commonsense reforms to prevent more Americans from being  hurt or even killed by masked Federal agents.

As I have said many times, we are not asking for the Moon. We are  asking for basic steps to protect Americans' constitutional rights and  their safety.

There is nothing new or controversial about body cameras or requiring  identification be displayed. There is nothing extreme about insisting  that ICE and Border Patrol follow the same standards as everyone else  when it comes to use of force or needing a warrant before smashing in  someone's door and dragging them away. These are common sense, and they  are overwhelmingly popular.

This is what the American people are demanding. But Republicans have  decided they would rather shut down DHS than work with us to rein in  these rogue Agencies. Republicans know full well that Democrats do want  to ensure that TSA and CISA and FEMA and other important Agencies are  funded.

What Democrats have a problem with is funding rogue Agencies that are  actively violating court orders and our civil rights and putting  Americans' safety at risk. We cannot--we will not--cut a blank check  for funding without reforms for ICE and Border Patrol.

But if Republicans keep dragging their feet on those basic reforms we  are asking for to protect people from those rogue Federal Agencies,  then we should at least make sure that TSA agents get paid and FEMA is  fully funded while those negotiations continue.

TSA agents should not go without pay because Republicans refuse to  agree to commonsense reforms instead of cutting another blank check for  Kristi Noem and Stephen Miller to terrorize Americans.

So, yes, let's pay our Coast Guard and our TSA. Let's replenish the  Disaster Relief Fund and support other work that we overwhelmingly all  agree on. I have a bill that I will offer in a moment that will do  that. We can pass it right now, while pressing ahead with negotiations  on ICE and Border Patrol to get basic reforms and accountability the  American people want.

All week, I have heard my colleagues on the other side of the aisle  loudly say funding for DHS could not be more important in this moment.  They have argued the instability this President has unleashed with his  reckless war in Iran means Democrats must now fund DHS, including ICE,  with no reforms at all.

Now, there are some obvious problems with that argument, like the  bizarre notion that because Trump started a reckless war with Iran,  Democrats now must rush and cut a blank check; or the fact that the  biggest threat to cyber and counterterrorism work at DHS seems to be  Kristi Noem, who, by the way, over the last year, has gutted CISA and  has taken folks off the terrorism beat to deport farmworkers with no  criminal history.

But put all that aside. I completely agree we should fund our cyber  defense Agencies and FEMA and TSA.

So I hope my Republican colleagues, who also believe--I know they  do--that these Agencies are important and have been making the case  they do need funding, will join with me today to get this bill passed  while talks on ICE and Border Patrol and much needed reform and  accountability measures can continue.

Mrs. MURRAY. Mr. President, unfortunately, what has become very clear  is that Republicans would rather keep the entire DHS shut down than  work with Democrats to prevent more Americans from being killed by  masked agents.

My Democratic colleagues and I have been very, very clear on the  reforms we need. It is not secret, and we have been pushing for them  for weeks on end, in good faith, to finalize a DHS bill that funds TSA  and FEMA while reining in ICE and the CBP. But Republicans and the  White House have now, for months, refused to agree to those basic  reforms that we need to make to keep Americans safe. They have said  again and again that we need to fund FEMA and TSA and other key  Agencies. Well, I just tried to pass a bill that would make sure that  those Agencies are funded while talks on reforms and accountability  measures for ICE and Border Patrol continue. So guess what. They  blocked that too.

Now, this is not complicated. Democrats want to get TSA officers paid  and fund disaster relief, but we will not vote to help Republicans  spend one more dime letting Stephen Miller terrorize our cities, and we  will not vote to cut a blank check so that ICE can barge into  Americans' homes without a warrant. We will not vote to allow ICE  agents to continue wearing masks as they terrorize our communities and  evade accountability. We need accountability for ICE and for Border  Patrol.

It is not just Democrats' saying that. The American people  overwhelmingly agree that Trump's and Noem's lawless rampage has got to  come to an end. People feel that way because we have all seen what has  happened. It is in plain sight. We have all seen the videos of people  who are tackled and pepper-sprayed in the face and seen the protesters  who are gassed for no reason. We have seen the horrific shootings of  Renee Good and Alex Pretti, and we have seen Kristi Noem, ICE, and the  Border Patrol blatantly lie and slander people like Renee and Alex and  Marimar Martinez by falsely calling them domestic terrorists.

What we have not yet seen is accountability. That is what has got to  end. No number of Republican revotes on the same failed bill is going  to change that and while our bill to fund the Coast Guard and TSA and  FEMA, as negotiations continue, was just objected to. So I am ready at  any time to pass that. It is the right thing to do.

Instead of blocking bills to pay TSA agents or wasting time with  dead-on-  arrival legislation, I hope that Republicans will listen to what we are  asking for and listen to what their constituents are asking for. We  need to see ICE have accountability. Work with us to pass those reforms  in order to fund that full Agency.

With that, I want my colleagues to know I will continue to work to  get that done.

Mrs. MURRAY.  In particular, I am frustrated that my  colleagues across the aisle and in the White House are still refusing  to agree to work with us on commonsense measures to protect our  constituents from being shot and even killed by unidentifiable,  untrained ICE and Border Patrol agents.

Democrats have been very clear on this for weeks. We want to fund  FEMA and TSA, and we want to protect Americans from the violence at the  hands of rogue Federal Agencies. This is not complicated. We can and we  must do both.

I have always been very clear about what we cannot do, which is cut  another blank check for Kristi Noem to terrorize our communities.  Unfortunately, that is what the bill from the junior Senator from  Alabama would do. It would kick the can down the road and give more  money to ICE and Border Patrol to trample American rights. That is not  an acceptable outcome.

If Republicans won't agree to the commonsense measures we have been  pushing for weeks--measures that police departments across America  already adhere to--then I am absolutely willing and ready to fund the  rest of DHS while talks on ICE and CBP continue. In fact, that is what  the bill did that I just offered.",https://justfacts.votesmart.org/public-statement/1700582/housing-for-the-21st-century-act,2026-03-05,2026-W10,2026-03
Democrat,Nydia Velázquez,Rural Small Business Resilience Act,"Mr. Speaker, today we are considering H.R. 804, which would require  the SBA to close out the GAO recommendation ensuring that individuals  in rural areas where a disaster declaration has been made have full  access to assistance, including targeted outreach and marketing  materials. SBA would have 1 year to close out the recommendation.

On February 22, 2024, GAO issued a report examining how SBA's  disaster loan program assists communities after disasters. GAO found  that rural areas have characteristics that make recovery difficult, and  they face challenges in seeking SBA disaster assistance.

While the SBA had taken steps to address challenges to recovery,  including portable outreach centers, virtual outreach, and a whole-of- SBA approach, GAO recommended that SBA distinguish between urban and  rural communities in its outreach and marketing plan and take actions  to mitigate the challenges encountered by rural communities.

This bill prioritizes SBA's efforts to close out this GAO  recommendation and focus on our Nation's rural communities.

I commend Dr. Morrison, Mr. Downing, Mr. Pappas, and Mr. Bean for  their work on this bill.

Ms. VELAZQUEZ.  Morrison).

Ms. VELAZQUEZ. Mr. Speaker, I urge Members to support this bill, and  I yield back the balance of my time.",https://justfacts.votesmart.org/public-statement/1687927/rural-small-business-resilience-act,2025-02-24,2025-W09,2025-02
Republican,Michael Baumgartner,"Welcoming Greater Spokane, Inc.","Mr. BAUMGARTNER. Mr. Speaker, I rise today to welcome Greater  Spokane, Incorporated, on their annual fly-in to Washington, D.C.

Greater Spokane, Incorporated, is a regional chamber of commerce and  a foundational advocate to all businesses across Spokane, serving as a  supportive organization that drives job growth throughout our region  and promotes public policy opportunities.

Because of the tremendous impact of GSI on our community, the Spokane  region can expand business opportunities and promote a better life. It  is always wonderful to see GSI every year, and they are most welcome in  our Nation's Capital.

Mr. Speaker, to everyone in eastern Washington, please know that I  see enough people in this Washington on a daily basis. Everyone is most  welcome, and it would be wonderful to host them here, as well.",https://justfacts.votesmart.org/public-statement/1702177/welcoming-greater-spokane-inc,2026-04-23,2026-W17,2026-04
Republican,Russell Fry,Recognizing Izzy Soto and the U.S. National Development Team,"Mr. FRY. Mr. Speaker, I rise today to congratulate Izzy Soto and her  teammates on the United States National Development Team for winning a  gold medal at the 2025 Pan American Inline Hockey Championships in  Oaxtepec, Morelos, Mexico.

Representing our Nation with pride and determination, the team  demonstrated remarkable resilience by winning four consecutive games to  capture the championship title. I am especially proud to note that Izzy  is from Myrtle Beach and was the only member of the Women's Junior Team  from South Carolina, making her achievement even more meaningful for  our state and the Grand Strand community.

Their accomplishment reflects the best of American spirit, teamwork,  and perseverance. Competing at this level not only showcased their  skill but also provided invaluable experience playing alongside and  against some of the best athletes in the world.

I commend Izzy, her teammates, and their coaches for their dedication  and sportsmanship, and I extend my best wishes to all those continuing  to compete in future tournaments. Their success brings great pride to  the United States and serves as an inspiration to young athletes  everywhere.",https://justfacts.votesmart.org/public-statement/1696435/recognizing-izzy-soto-and-the-us-national-development-team,2025-10-28,2025-W44,2025-10
Republican,Tim Burchett,Reverend Harold Middlebrook Post Office Building,"Mr. BURCHETT. Mr. Speaker, I rise today to honor the life and legacy  of my dear friend and fellow east Tennessean, Reverend Harold  Middlebrook.

Reverend Middlebrook moved to east Tennessee, my district, actually,  in 1977. Of course, I was in the seventh grade then. I don't know if  technically it would be called my district, but he was the pastor of  the Canaan Baptist Church of Christ.

Before moving to Knoxville, Reverend Middlebrook played a crucial  role in the civil rights movement. He was a close friend of Dr. King.  He joined the Memphis sanitation workers strike, and that was a labor  and civil rights movement where sanitation workers protested unsafe  working conditions and low wages. He was at the Lorraine Motel when Dr.  King was assassinated.

In 1986, he founded the Dr. Martin Luther King, Jr. Commemoration  Commission in Knoxville. I will say, for the record, every time they do  the parade, it is the coldest day of the year, just for the record.

He was also president of the Bolivar Human Development Corporation  and adviser to the Hardeman County Bi-Racial Commission. He was a co- coordinator of the Hardeman County Political Action Commission, and he  was an advisory member to the Tennessee Public Service Commission.

Beyond his leadership, Reverend Middlebrook is a loving father to  three children, as was stated earlier, two of whom followed in his  footsteps to work in public service.

Reverend Middlebrook spent his life befriending and mentoring folks  in our community. Many friends of mine and I have sought his counsel.  Just for the record, Mr. Speaker, he has never voted for me. He is not  a member of my political party, but we are still very good friends. I  think that is something that is missing in this country.

When I was mayor of Knox County, I would always invite a bunch of  young people from the office to go down to Calhoun's, and we would all  eat a bunch of barbecue. I would want those young people to understand  that the civil rights movement was not something in black and white on  the History Channel. It was real life. People got their heads cracked,  and people lost their lives. Dr. Middlebrook, I think, got arrested  over 40 times during all of that. He is an inspiration to me.

One other story: We were at an NAACP dinner one night, and they were  asking everybody to sit at the head table. I was mayor at the time, and  they asked me to sit at that head table. I noted that Dr. Middlebrook  and his bride were not sitting at that head table, and I said: No, my  wife and I will sit over here off to the side. I like to run with the  ones that brought me to the table, and Dr. Middlebrook is one of those  guys. He believed in dignity for all, and he is a testament to his  faith in Jesus.

Mr. Speaker, I am proud to support this.",https://justfacts.votesmart.org/public-statement/1697620/reverend-harold-middlebrook-post-office-building,2025-12-09,2025-W50,2025-12
Republican,Buddy Carter,People Are Sick and Tired,"Mr. CARTER of Georgia. Mr. Speaker, I thank the gentleman for  yielding, and I thank him for his kind comments.

I did have two granddaughters in Texas, and they are okay, but they  did lose their cousin, Janie Hunt, 9 years old. What a tragedy. I thank  both of these gentlemen for their work during that time.

Mr. Speaker, I rise today to honor the life and legacy of Judy  Jurgensen Melroy.

A native of Savannah, Georgia, Mrs. Melroy lived a life defined by  faith, service, and love for others. Her passion for learning led her  to become a teacher, where she inspired countless young people and  passed on her joy for education to future generations.

At home, she poured her heart into raising her sons, who remember her  not only for her guidance but also for her playful spirit, often  joining them in the yard. Through her devotion, each pursued the  highest levels of education, a reflection of the values she instilled.

Beyond her family and classroom, Mrs. Melroy was known throughout her  community as a nurturer, always ready to offer comfort, encouragement,  and care. Her faith was central to her life, and her talents as a  painter and singer brought joy to all who knew her.

To her husband, Donald, to her sons, Michael, Chris, and Joel, today  we celebrate her extraordinary legacy of love, service, and light.",https://justfacts.votesmart.org/public-statement/1695205/people-are-sick-and-tired,,,
Republican,French Hill,Denouncing the Horrors of Socialism,"Mr. HILL of Arkansas. Mr. Speaker, pursuant to House Resolution 879,  I call up the concurrent resolution (H. Con. Res. 58) denouncing the  horrors of socialism, and ask for its immediate consideration in the  House.

The Clerk read the title of the concurrent resolution.

Mr. Speaker, a ``yes'' vote on this resolution should be a relatively  straightforward, easy decision.

It simply states that Congress denounces socialism in all its forms  and opposes the implementations of socialist policies in the United  States of America.

It is a statement that I would hope all of our elected leaders in the  United States up and down our system of government could support.

Socialism ignores the side of a man and woman that is the spirit. It  dulls the human capacity for self-initiative, entrepreneurship, and  risk-taking. For those who have concerns about the resolution, I just  invite them to read it.

It outlines the pain and hardship experienced by millions around the  world who have suffered under socialist regimes. This is something that  the sponsor of the resolution, Congresswoman Salazar of Florida, has  focused on combating for her entire career.

Congresswoman Salazar is the daughter of Cuban exiles and was born in  Miami's Little Havana. Representative Salazar has led the charge  against socialist policies.

This resolution today is just one example of her commitment to her  constituents and our entire Nation. The contrast between the successful  policies under market capitalism and the freedoms associated with,  particularly, our robust democracy here in America and socialism across  the world and in history could not be starker.

I cannot express this enough: This resolution is not just a messaging  bill or, as some from across the aisle have called it, a waste of time.  It is not that to the people and the families who have experienced the  horrors and atrocities associated with socialist regimes.

Mr. Speaker, I thank Congresswoman Salazar for her work on this.

Mr. Speaker, I always enjoy my good friend from California's long  lectures to this House on her views about current events. I am always  grateful for her point of view.

Mr. Speaker, I would share from my perspective that the shutdown was  borne fully and irresponsibly by the United States Senate, by just a  handful of Democratic Senators with their leader, Mr. Schumer, that  refused to keep the government open while we continue debates about  something we do every day here, which is, what are the ways and means  to fund the American Government.

This House body under Speaker   Mike Johnson with bipartisan vote, I  might add, had a clean continuing resolution to keep the government  open for those 42 days. Yet, 14 times, Senate Democrats denied funding  to air traffic controllers, denied funding to farm assistance, and  denied funding for all the Federal programs, inconveniencing States,  hurting families, and hurting Federal workers.

Further, perhaps, unlike some, I certainly gave up my pay for those  42 days by direction of this House. I was not going to be paid  personally as a Member of Congress while we see this kind of lack of  responsibility out of the Senate.

Today, what we are talking about here in the most vigorous democracy  in the land in our 250th year, we are talking about rejecting socialism  that punishes freedom, punishes individual action, and tears families  apart. That is what we are here to talk about. We are not here to  rattle down about current events.

Mr. Speaker, the gentlewoman from Florida, Congresswoman Salazar,  leads our Western Hemisphere Subcommittee in the House Foreign Affairs  Committee and what better person, Mr. Speaker, to have this  responsibility.

Born in Little Havana in Miami, daughter of Cuban exiles, let her  tell you how cushy life was under Castro's Communist socialist  dictatorship.

Salazar).

Mr. HILL of Arkansas.  She knows  the truth of postwar Korea and how challenging it was.  She compared the Korea of her childhood to the Korea of today:  Democracy, freedom, vigorous democracy, amazingly vigorous democracy in  Korea today. Mrs. Kim is now the chairwoman of our East Asia and  Pacific Subcommittee on Foreign Affairs. What a transition and what a  great voice to condemn socialism.

Mr. Speaker, regarding the policies that are perhaps being considered  in New York, the voices of the people of New York have been heard. They  have spoken.

We think about having government-controlled grocery stores, instead  of relying on entrepreneurial immigrant families or Korean families  with the beautiful bodegas and flower shops around the city. They are  now somehow doing an inadequate job. The mayor proposes that the  government step into those businesses or run those grocery stores, for  example.

Mr. Speaker, he proposes even more difficult rent controls that have  already driven down the number of units available in the city of New  York, which is already suffering from a huge housing shortage and a  huge price disadvantage for the thousands of people who want to work in  the city.

This is contrary to economic choice, and that is another reason why  we are here on this House floor. We are here to note that an open and  democratic market capitalist system offers choice. The freedom to  choose is of critical value. That is limited under socialism, in  addition to the atrocities.

One of my favorite economists, Nobel Prize Winner Friedrich Hayek,  authored books I read as a young man such as, ``The Road to Serfdom''  and ``Constitution of Liberty.'' This is a man who lived under  socialism. He lived through the Communist regimes of Stalin and Eastern  Europe and of Nazi Germany. He talked about the road to serfdom. Mr.  Speaker, we think of some of these policies potentially as the scenic  route to socialism.

He is someone who  understands market capitalism and a constitutional Republic like no  other Member.

Mr. HILL of Arkansas.  Malliotakis), who serves on the House  Ways and Means Committee and who is firmly opposed to socialism.

Mr. HILL of Arkansas. Mr. Speaker, I recognize the gentleman from  Missouri (Mr. Alford), the chair of the Small Business Subcommittee on  Oversight, Investigations, and Regulations and a distinguished member  of the Appropriations Committee.

Mr. HILL of Arkansas. Mr. Speaker, may I inquire as to how much time  I have remaining.

Mr. HILL of Arkansas.  Salazar), my friend from south Florida  who is also a child of Cuban exiles from the Castro takeover of Cuba.

Mr. Speaker, in the short time we have remaining this morning on this  important resolution, let's cut to the chase.

America stands as a beacon of freedom. America stands as a place of  choice. America stands as a place of initiative and opportunity. What  the gentlewoman from Florida brings to the House today is a resolution  that says that we condemn the horrors of socialism not just the  atrocities associated with mass murder in Ukraine or Cuba or Venezuela  or imprisonment but the capture of the spirit that ends individual  freedom and ends individual opportunity.

Mr. Speaker, I will say that I have been shocked at some of the  debate today that we hear from a daughter of  Korea, two daughters from Cuba, who have seen firsthand the dangers,  the fear, the atrocities, the restraint, the constraint, the end of  freedom that they experienced and their families experienced  personally.

In my young life, I worked to bring freedom to Eastern Europe. I saw  East Germany's empty shelves, empty eyes, empty spirits, no choice, and  in West Germany, vibrancy. Yet, today, we would even have to debate  that socialism has some value to the human spirit across the land, it  is amazing to me.

Mr. Speaker, I urge a ``yes'' vote on this resolution whether you are  a Democrat, a Republican, old, young, no matter what your political  philosophy is, let's unite on this floor and reject the evils of  socialism.",https://justfacts.votesmart.org/public-statement/1697143/denouncing-the-horrors-of-socialism,2025-11-21,2025-W47,2025-11
Democrat,Richard Blumenthal,"Providing for Congressional Disapproval Under Chapter 8 of Title United States Code, of the Rule Submitted By the Department of Veterans","Mr. BLUMENTHAL.  338,  S.J. Res. 103.",https://justfacts.votesmart.org/public-statement/1701309/providing-for-congressional-disapproval-under-chapter-8-of-title-united-states-code-of-the-rule-submitted-by-the-department-of-veterans,2026-03-25,2026-W13,2026-03
Democrat,Nikema Williams,Welcoming George Glezmann Home to Georgia's 5th Congressional District,"Ms. WILLIAMS of Georgia. Mr. Speaker, I rise today to welcome my  constituent George Glezmann home from more than 2 years of wrongful  detention by the Taliban in Afghanistan.

George is home with his family in Atlanta in large part because of  the tireless efforts of his wife Aleksandra. A devoted Delta airplane  mechanic, George has an infectious zeal for life, travel, and  experience, and I know he is eager to return to a life of normalcy and  autonomy.

I also want to highlight the challenges that come from extended  wrongful detention: George has numerous medical conditions that arose  from lack of ongoing care, and his assets have been put in  conservatorship. The financial instability that came from George's  detention has resulted in him and Aleksandra losing access to stable  housing, a challenge exacerbated by George's ongoing conservatorship.

I am so pleased that George is back with his family, and words cannot  fully celebrate the work Aleksandra put in to bring her husband home. I  look forward to George's swift return to normalcy and autonomy with his  loved ones, back in Atlanta where he belongs.",https://justfacts.votesmart.org/public-statement/1691683/welcoming-george-glezmann-home-to-georgias-5th-congressional-district,2025-05-23,2025-W21,2025-05
Republican,John Joyce,Supporting Reversal of California Ev Mandate,"Mr. JOYCE of Pennsylvania. Mr. Speaker, last week I introduced  legislation to reverse the out-of-touch California EV mandate that the  Biden administration approved with one foot already out the door.

This de facto ban on internal combustion engines not only stifles  innovation and blocks consumer choice for the American people, but it  also threatens 40 percent of the auto market including the Commonwealth  of Pennsylvania.

I have been leading this fight since I arrived in Congress to protect  consumer choice and to foster further innovation in the auto industry.  With the support of President Trump and Energy and Commerce Chairman  Brett Guthrie, I am confident that this legislation will swiftly pass  and be signed into law.

Encouraging Innovation Through Artificial Intelligence Base

Mr. JOYCE of Pennsylvania. Mr. Speaker, at the beginning of this  term, President Trump announced an aggressive artificial intelligence  plan to keep the U.S. competitive with China.

Just 3 months later, we are already seeing this plan in action  through the investment of billions of dollars to revitalize the former  Homer City Generating Station located in Pennsylvania.

Projects like this and the Three Mile Island nuclear plant's  revitalization not only bring revenue in for local economies, it  employs hardworking Americans. It also helps our Nation stay  competitive with China in the development of artificial intelligence.

As President Trump builds up our artificial intelligence base, the  Commonwealth of Pennsylvania stands ready to fulfill its necessary  energy needs.                            Protecting Our Border

Mr. JOYCE of Pennsylvania. Mr. Speaker, since President Trump was  sworn into office, the daily number of border crossings has plummeted  to record lows. Currently, our Border Patrol agents are making fewer  than 50 arrests per day at the U.S.-Mexico border. Under President  Biden, Border Patrol was averaging more than 1,000 arrests a day.

President Trump has promised to secure our border and make our  communities safer by removing dangerous criminals from our streets.  Just 3 months into his term, the results of these policies truly speak  for themselves: Promises made, promises kept.

Honoring the Life of Lieutenant Colonel Boyd ``Buzz'' Wagner

Mr. JOYCE of Pennsylvania. Mr. Speaker, I rise today to honor World  War II ace pilot and Johnstown native, Lieutenant Colonel Boyd ``Buzz''  Wagner.

Buzz completed his flight training in 1938 before he was assigned to  the Philippines. When Japanese forces attacked the Philippines in  December of 1941, Buzz quickly shot down five Japanese planes, making  him the first ace pilot of World War II.

By April of the following year, Buzz was credited with eight air-to- air kills, as well as numerous successful bombing runs on Japanese  airfields, one of which earned him the Distinguished Service Cross  citation.

Though he tragically passed away in November of 1942 during a  training flight in Alabama, Buzz's legacy lives on as an inspiration to  all aspiring aviators.

Congratulating University of Florida Forward Thomas Haugh

Mr. JOYCE of Pennsylvania. Mr. Speaker, I rise today to congratulate  University of Florida forward and New Oxford, Pennsylvania, native  Thomas Haugh who helped lead the Florida Gators to a Final Four  victory, clinching their spot in the national championship game. Thomas  played a critical role in the semifinal game, recording 12 points, 7  rebounds, and 2 blocks.

On behalf of everyone in Pennsylvania's 13th District, I congratulate  Thomas and his parents, Jennifer and Ryan, on this incredible victory.  I wish the best of luck to Thomas and the entire Florida Gators team in  the national championship game tonight.",https://justfacts.votesmart.org/public-statement/1689611/supporting-reversal-of-california-ev-mandate,2025-04-07,2025-W15,2025-04
Republican,Gus Bilirakis,Recognizing William ``billy'' Bair,"Mr. BILIRAKIS. Mr. Speaker, I rise today to recognize an  extraordinary member of our community, William ``Billy'' Bair, whose  selfless service at the Hernando County Family YMCA exemplifies the  very best of what it means to give back.

Billy is the definition of a ``Hero Among Us.'' A deeply committed  volunteer, he has dedicated countless hours to supporting nearly every  youth sports program at the YMCA. He does not serve for recognition or  praise. He shows up day after day simply because he believes in our  young people and understands the life-changing power of positive role  models. His impact extends far beyond the field or the gym. Billy  builds meaningful relationships with the children he mentors. He  notices the child who needs encouragement, the one struggling with  confidence, and the one who just needs someone to believe in them. With  patience, kindness, and integrity, he creates an environment where  every child feels seen, valued, and capable of success.

What makes Billy especially remarkable is his humility. He never  seeks the spotlight and never asks for anything in return. Whether  stepping in wherever help is needed, mentoring young athletes, or  supporting fellow volunteers and staff, he embodies true servant  leadership. He understands that youth sports are not simply about wins  and losses, but about building character, fostering teamwork, and  teaching lifelong lessons. Parents trust him. Children look up to him.  Staff rely on him. Billy has become a cornerstone of the youth sports  community in Hernando County, and his steady presence has helped shape  a culture rooted in encouragement, responsibility, and respect. The  YMCA strives to develop youth, promote healthy living, and foster  social responsibility. Billy Bair lives out those values each and every  day. He does more than volunteer--he strengthens the very foundation of  the organization and enriches the lives of the families it serves.

For the time he gives, the hearts he impacts, and the countless lives  he has helped shape, I am proud to recognize William ``Billy'' Bair as  a true Hero Among Us.

It is clear that Mr. William ``Billy'' Bair has made an extraordinary  and deeply positive impact on countless lives, and I am profoundly  grateful for his dedication and service. It is my distinct privilege to  recognize him as a 2026 Hero Among Us for Florida's 12th Congressional  District.",https://justfacts.votesmart.org/public-statement/1700967/recognizing-william-billy-bair,2026-03-19,2026-W12,2026-03
Democrat,Wesley Bell,Protect America's Workforce Act,"Mr. BELL. Mr. Speaker, I rise in support of H.R. 2550, the Protect  America's Workforce Act.

Mr. Speaker, we all count on a Federal workforce that shows up every  day to serve, not to bend to political pressure or wonder if speaking  up will cost them their jobs.

That is exactly the risk if collective bargaining rights are wiped  out. It pushes aside a system that has been built over generations to  protect workers, protect taxpayers, and keep politics out of public  service.

Taking away the voice of Federal workers doesn't make government  stronger. It makes it easier for retaliation, harder for  whistleblowers, and worse for the people who we represent.

Mr. Speaker, I urge my colleagues to do right by the people who serve  our country every day by restoring basic fairness and bringing us back  to a system that has worked under both parties for decades.",https://justfacts.votesmart.org/public-statement/1697982/protect-americas-workforce-act,2025-12-11,2025-W50,2025-12
Republican,Lisa McClain,Recognizing United States Army Master Sergeant Tommy J. King As September 2025 Veteran of the Month,"Mrs. McCLAIN. Mr. Speaker, I rise today with profound respect and  gratitude to recognize the extraordinary service and unwavering  dedication of Master Sergeant Tommy J. King, a proud veteran of the  United States Army and our distinguished Veteran of the Month for  September 2025 from Michigan's 9th Congressional District. His  exceptional military career and steadfast commitment to duty,  excellence, and patriotism embody the very best of American service.

Master Sergeant King is a native of Houston, Texas, who answered the  call to serve his country in February of 1994 at the young age of 18.  He completed basic training at Fort Jackson, South Carolina, followed  by Advanced Individual Training at Fort Lee, Virginia, where he trained  as an Automated Logistics Specialist (92A).

Over the course of 20 years in uniform, his service took him across  the globe with assignments at Camp Casey, Korea; Fort Campbell,  Kentucky; Fort Drum, New York; Kaiserslautern, Germany; and Schofield  Barracks, Hawaii. He also served as an instructor for the  Noncommissioned Officer Academy at Fort Lee, Virginia. While deployed  to Iraq as a Platoon Sergeant and First Sergeant with the 65th Engineer  Battalion, Master Sergeant King earned the Bronze Star for his  leadership and valor. He personally planned and led 72 combat logistics  patrol missions throughout Iraq in support of Operation Iraqi Freedom,  accomplishing each without the loss of a single soldier.

Later, Master Sergeant King deployed to Afghanistan as part of PEO  Soldier Weapons and PEO Soldier Sensor and Lasers under the TACOM Life  Cycle Management Command. There, he played a critical role in fielding  and training troops on Individual Gunshot Detection equipment, ensuring  the safety and effectiveness of our warfighters during Operation  Enduring Freedom.

Following his retirement from active duty, Master Sergeant King  remained with his family in Michigan. He supported the University of  Michigan's ROTC program before rejoining TACOM as a Logistics  Management Specialist. Over the years, he rose through the ranks to  become a GS-13 Team Lead for the Organic Industrial Base, demonstrating  the same commitment to mission success that defined his military  career. In August 2025, he concluded more than 35 years of combined  military and civilian service to our Nation.

Master Sergeant King now plans to dedicate his time to supporting  fellow veterans and strengthening the bonds of community that have  guided his life of service. His journey reflects not only a lifetime of  personal sacrifice, but also an enduring devotion to the United States  Army, his fellow soldiers, and the freedoms we hold dear.

Mr. Speaker, let us extend our deepest appreciation to Master  Sergeant Tommy J. King for his decades of selfless service to this  great Nation. His legacy of leadership, sacrifice, and patriotism will  continue to inspire generations to come, and it is my distinct honor to  recognize him as our Veteran of the Month.",https://justfacts.votesmart.org/public-statement/1695000/recognizing-united-states-army-master-sergeant-tommy-j-king-as-september-2025-veteran-of-the-month,,,
Republican,Warren Davidson,Guiding and Establishing National Innovation for U.S. Stablecoins Act,"Mr. DAVIDSON. Mr. Speaker, I thank the ranking member for yielding.

Mr. Speaker, I have not seen a perfect bill since I have been in  Congress, but this is a pretty good bill. It is an important bill.  Regulating stablecoins is long overdue at the Federal level, but make  no mistake, stablecoins aren't new.

The New York Department of Financial Services has regulated  stablecoins in the State of New York since 2018. They are time-tested  and proven, and they have been stable.

It is long overdue for us to provide Federal legal clarity here, so  why am I speaking in opposition to it? My Republican colleagues are  exactly right about the stablecoins and the need for regulation. That  is why we passed the STABLE Act, but my Democratic colleagues are right  this time to recognize that the legislative process is broken and,  frankly, we all know that. Everyone in the House does.

We have seen it broken on lots of things, but here, today, we have  got a defective product that our legislative process prevented us from  fixing.

On the product, the GENIUS Act, we agree we have five amendments that  we want to do to the GENIUS Act that we are doing in the CLARITY Act,  and they are important. Frankly, while the GENIUS Act does address  retail CBDC, and it is an important concession because Democrats want a  surveillance state Central Bank Digital Currency.

Mr. Speaker, you are going to see that when we vote later on   Tom  Emmer's bill. They want that. Republicans are thankfully united in  opposing Central Bank Digital Currency, but we should deal with that  fully here.

On March 8, 2023, in a dialogue with Chairman Hill, Federal Reserve  Chairman Jerome Powell said that they would need congressional approval  for a retail CBDC, but he went on to explain that you could have a  layered CBDC. They are building just that at the Federal Reserve.

We should completely turn that off, and that is why we need to pass  Representative Emmer's bill. I will talk about that later, but we also  need to protect self-custody, which is the ability for you to move your  money directly person to person without an intermediary. You won't have  direct access to your own money unless you protect it because  government agencies continue to try to ban it. We need to protect it.  We do in the CLARITY Act, and that is why I oppose the bill.",https://justfacts.votesmart.org/public-statement/1693835/guiding-and-establishing-national-innovation-for-us-stablecoins-act,2025-07-17,2025-W29,2025-07
Republican,French Hill,One Big Beautiful Bill Act,"Mr. HILL of Arkansas. Mr. Speaker, I thank the chairman for yielding  time.

Mr. Speaker, I rise in strong support of H.R. 1, the One Big  Beautiful Bill Act. For too long, government spending has gone  unchecked.

Last November, American voters sent a clear message. We need to rein  in government spending. Our Financial Services title exceeds our $1  billion budget instruction by over $600 million. It caps the Consumer  Financial Protection Bureau's budget authority by nearly half.

It rescinds unobligated and unused funds from the SEC's reserve fund  and HUD's Green and Resilient Retrofit Program.

It targets $1 billion for strategic use under the Defense Production  Act to ensure that America can meet its national security supply chain  requirements for the 21st century.

Overall, this bill stops a huge tax increase for our working families  in Arkansas. It spurs major investments for small businesses. It gives  law enforcement the tools they need to secure our southwest border. It  strengthens energy security. It reduces government spending.

Mr. Speaker, it delivers on the promises that we made to American  voters. I strongly support this bill, and I urge a ``yes'' vote.",https://justfacts.votesmart.org/public-statement/1693152/one-big-beautiful-bill-act,2025-07-02,2025-W27,2025-07
Democrat,Jeanne Shaheen,"Providing for Congressional Disapproval Under Chapter 8 of Title United States Code, of the Rule Submitted By the Internal Revenue Service Relating to ``Gross Proceeds Reporting By Brokers That Regularly Provide Services Effectuating Digital Asset Sales''--","Mrs. SHAHEEN. Madam President, I come to the floor today because I am  concerned about President Trump's actions to, I believe, start a trade  war with our top two trading partners, Canada and Mexico.

All goods coming from Canada and Mexico, as of midnight last night--I  guess midnight today--face a 25-percent tax; that is, all except  Canadian energy, which is taxed at 10 percent. Trump's tariffs will  make everything from gas to heating, to groceries, to lumber and more,  more expensive for everyday Americans.

I think it bears repeating that tariffs are paid by consumers. They  are paid by Americans, not by other countries. And what the President  is doing amounts to a new tax for Americans. For example, heating oil  and propane that keeps hundreds of thousands of Granite Staters warm in  the winter is going to cost more. We are going to add about $150 to  $250 to the cost of heating homes in New Hampshire.

And gas prices are going to go up. In New Hampshire, half of the fuel  in our cars and trucks comes from Canada, and U.S. refineries across  the Midwest use Canadian oil.

The United States imports 80 percent of its potash fertilizer from  Canada, and this tariff makes farming and food more expensive.

It is unclear how the American auto industry is going to continue to  operate. Ford's CEO said these tariffs will ``blow a hole in the U.S.  industry that we have never seen,'' with up to $12,000 added to the  cost of a car.

And this will make lumber and electrical equipment that we need to  build housing--at a time when housing is already in short supply--it  will make them more expensive and harder to find.

Those are just a few examples.

There are countless other imports that American businesses and  families rely on that are going to be hit hard, and these tariffs do  nothing to bring down those costs. They do just the opposite.

These tariffs could add $1,200 to an average household's yearly cost,  and we won't have to wait very long for the impact to be felt. It is  already being felt on Wall Street and the stock market. Target's CEO  said this morning that the consumer ``will likely see price increases  over the next couple of days.'' And for small businesses, these tariff  taxes will be felt by small businesses in all of our States.

I was here, a month ago today, sharing stories from businessowners in  New Hampshire who weren't sure how they were going to keep operating if  specialized machinery that they can only get from Canada suddenly costs  25 percent more. Since that time, I have heard from even more people in  New Hampshire, more small businesses.

Last week, I heard from a small company in Windham, NH, that makes  allergen-free cookies, and they can only get certain ingredients for  those cookies from Canada. The CEO built her business, which now  employs 30 people, and now she can't be sure if they are even going to  be able to keep going, let alone keep growing.

When I spoke with business representatives across New Hampshire last  month, the theme they kept coming back to was ``uncertainty.'' As a  former small businessowner, I know that uncertainty is the most  destabilizing aspect of running and growing a business. Yet that is  what this administration keeps creating.

Yesterday, we learned that new orders from manufacturers dropped in  February for the first time in 22 years. For the first time in 22  years, new orders from manufacturers dropped because companies can't  work with this level of uncertainty.

Last Wednesday, the President was talking about Canadian tariffs  going into effect April 2. The very next morning, he announced 25  percent tariffs would go into effect today. The whiplash is hard to  imagine.

I spoke, last month, about a bus company, C&J Bus Lines, in New  Hampshire that was worried about these tariffs and what it would mean  for the bottom line. Well, the CEO moved up his delivery date to get  three buses in late March before these taxes were set to go into  effect, but his costs just went up more than $450,000.

Businesses plan months, quarters, or years in advance. They need to  place orders and plot out their growth in order to succeed. How can  they plan when they can't even know whether their costs are going to go  up 25 percent overnight? How can a developer know if they can start  building the housing that New Hampshire desperately needs if their  lumber costs 25 percent more overnight? And how can a family already  struggling with high costs continue to pay the rent or put food on the  table if their household costs are going to go up $1,200 this year?

I want families and businesses to know that the whims of this  President are not going to cause them to break the bank on everyday  items they need to get by. That is why I introduced the Protecting  Americans from Tax Hikes on Imported Goods Act. It is a simple change,  really. It says that the International Emergency Economic Powers Act,  or IEEPA, can no longer be used to place taxes on imports.

If the President needs to block some dangerous product, he still can.  But if there is a real threat, we would want to stop it, not just add a  tariff tax. That is what my bill does. It would stop these tariffs on  goods and energy coming from Canada and Mexico, and it would give  businesses and families more certainty to plan for the future and to  keep their hard-earned dollars in their pockets.

151 and that the Senate proceed to its immediate  consideration; that the bill be considered read a third time and  passed; and that the motion to reconsider be considered made and laid  upon the table.

Mrs. SHAHEEN. Madam President, I know that my colleague from Oregon  wants to speak to this issue, but I just want to respond in a couple of  ways.

I know my colleague from South Carolina cares about the issues that I  am going to address, but he mentioned fentanyl, and that is what the  President has used to justify the tariffs. He  says this is a way to stop the flow of fentanyl into our country, but  he has forgotten a few inconvenient facts.

First, it is that, in 2024, CBP, or Customs and Border Protection,  seized about 43 pounds of fentanyl along our northern border--about 1  percent of the fentanyl coming into this country. Now, it has long been  known that fentanyl is not coming from Canada, and that hard drugs and  firearms flow north from the United States into Canada.

In fact, on February 25, the Canada Border Services Agency announced  the seizure of 410 pounds of methamphetamine and 42 pounds of cocaine  from two commercial trucks seeking entry into Canada at the Coutts port  of entry. Seizures like this are not uncommon. Wouldn't it make more  sense if we agreed to work together with our Canadian allies instead of  putting a tariff on them?

The second fact that bears mentioning is that the vast majority of  the fentanyl crossing the southwest border is transported by Americans,  hidden in their cars and trucks. That is why I have supported--like  most of my colleagues in this body have supported--more money for  technology and personnel to better find these drugs before they enter  the United States. That is why I supported the border bill last year  that this President stopped because he wanted a political issue.

On China, we can debate another time whether this is actually the  right long-term strategy with China. But more important than that, my  bill does not prevent tariffs against countries like China that have  unfair trade practices. Both President Trump, in his first term, and  President Biden have already placed tariffs on numerous imports from  China to respond to its unfair trade practices, exactly what section  301 of the Trade Act is for. That tool remains available.

My bill only addresses the ability of the President to tax imports on  a whim. And I want to note that, thanks to this President, we now have  higher taxes on imports from Canada than from China. I don't know how  that makes sense--that we are taxing our allies more than we are taxing  our adversaries.

So I would say: Is this really about China, or is a more important  motivation here to raise costs on American families to pay for tax cuts  for the wealthy?

As the ranking member of the Foreign Relations Committee, I take very  seriously our ability to use sanctions or other tools in foreign  policy. This bill does nothing to limit the use of sanctions under  IEEPA, nor does it prevent an embargo or fully blocking dangerous  imports.

But I don't think a tax is the right solution for those issues. In  fact, this is breaking the U.S.-Mexico-Canada Agreement that President  Trump negotiated just 6 years ago. And if we are going to break the  very deal we have negotiated--I think, one of the most important  achievements of the first Trump administration--why would people want  to work with us in the future? Why would they want to work with a Trump  administration? How does being an unreliable partner to our closest  allies help our national security?

I think it is important to be clear on this: Donald Trump's trade war  doesn't create any manufacturing jobs tomorrow in the United States. In  fact, it is far more likely to cost us tens or hundreds of thousands of  jobs. Half of the goods that America imports are intermediate  components, that means parts that our companies manufacture into  finished goods. Every one of those items coming from Canada or Mexico  just got 25 percent more expensive.

And we have already heard from automakers. They are not sure how much  this is going to add to the bottom line of cars. I think that is a lot  of risk for tariffs that President Trump can't justify for any other  reason, other than because he wants to get funding to support a tax cut  for the wealthiest Americans.

Yet the President is talking about wanting to cut deals with Russia  for economic development. I don't see the logic in going half way  around the world to deal with a dictator--a murderous dictator, by the  way--like Vladimir Putin. At the same time, we are damaging  relationships and cutting off trade with our closest allies right here  in North America.

I am happy to listen to somebody's explanation here, but I don't  think it makes sense, and it seems entirely contrary to American values  to me. So I hope that my colleagues on the other side of the aisle will  see the folly in what the President is doing, will recognize the impact  on the economy and American families because of these increased costs,  and agree that these tariffs should be rolled back.",https://justfacts.votesmart.org/public-statement/1688447/providing-for-congressional-disapproval-under-chapter-8-of-title-united-states-code-of-the-rule-submitted-by-the-internal-revenue-service-relating-to-gross-proceeds-reporting-by-brokers-that-regularly-provide-services-effectuating-digital-asset-sales,2025-03-04,2025-W10,2025-03
Republican,Mike Kennedy,"July 24Th, Utah's State Holiday","Mr. KENNEDY of Utah. Mr. Speaker, on February 25, 1846, beleaguered  residents of Nauvoo, Illinois, began leaving their homes and farms  behind, crossing the frozen Mississippi River by ferry and wagon to  escape persecution. Only the sickest and poorest remained behind, and  even they were finally forced out by mob action. All crossed Iowa to  Nebraska, just north of Omaha, their winter quarters on the Missouri  River.

Why do I bring up these sad memories from long ago?

Utah still celebrates the day when they finally arrived at a place of  safety, the valley of the Great Salt Lake, on July 24, 1847. July 24 is  a State holiday for Utahns. Those hardy, resilient pioneers, carrying  with them the sick and desperately poor from burning Nauvoo, found  temporary refuge among the kind members of the Omaha Tribe.

They made an agreement with the Omaha through their Chief, Big Elk,  who welcomed the pioneers, understanding the trouble they had recently  escaped. The pioneers would stay in residence, building houses,  planting gardens and fields, and then move on after 2 years to ensure  all of their number had enough time and resources to make the trip  West. Afterwards, the improvements would belong to the Omaha.

This vanguard party of 148 pioneers, who had been on the road for 111  days, followed Brigham Young down Emigration Canyon into the Salt Lake  Valley.

They immediately began organizing a community, diverting water for  irrigation, plowing fields, and planning their first city, Salt Lake  City, our State's capital. Salt Lake was founded that very day. Denver  wasn't founded until 1858 and so was Carson City. Phoenix was founded  in 1867, Boise in 1863, and Helena in 1864. Of all Western States'  capital cities, only New Mexico's, Albuquerque, is older than Salt  Lake.

From that small beginning of 148 souls, a city and metro-area  population of over 1.2 million and a State population of over 3.5  million have grown. From that small beginning, a mighty State has grown  with an annual GDP of over $234 billion. Utah has three research  universities, four regional universities, and other great institutions  of higher education. Utahns value education, and we are good at it.

The Salt Lake City metro area has professional sports teams competing  at the highest level, with basketball, the Utah Jazz; soccer, Real Salt  Lake; and hockey, the Utah Mammoth. They have already hosted the Winter  Olympic Games and are set to host another in 2034.

If you travel across the State, Mr. Speaker, you will find  communities with baseball fields, football fields, soccer fields,  pickleball courts, tennis courts, swimming pools, ski resorts, and golf  courses. Utahns value sports, and we are good at them.

Utah is an international center for technology, including space tech.  Just south of Salt Lake City is a business park called Silicon Slopes.  About 100 miles north of Salt Lake City is the Space Dynamics  Laboratory. Utahns value technology and research, and we are good at  them.

Utahns may leave Utah, but they take Utah with them wherever they go.  The football coach who takes the job in the Big Ten, the medical school  graduate who interns at Brigham and Women's, the ROTC grad who learns  to fly in Enid, Oklahoma, and the mother of five who gets that  promotion and follows her work to Seattle, all of them take a piece of  Utah with them.

On July 24, you may just see every one of them pulling kids in a  wagon in a neighborhood parade or hear them singing a pioneer song or  making the trek downtown to the shelter to drop off bedding and  clothing. Each in his own way honors July 24, and I ask you today to  honor those long-dead pioneers as well as those whose hearts hold Utah  close.

This place west of the Great Divide and east of Salt Flats, north of  the Grand Canyon and south of the lava flows and potato fields of Idaho  is my home. I wasn't born in Utah. In fact, my father wasn't even born  in this country. I am a pioneer like my brother and sister Utahns. Just  like those 148 brave and desperate souls, I have made this place my  home.

I, like Brigham Young and those other 3.5 million souls, came to this  place, saw that it was good and said: ``This is the right place. Drive  on.''",https://justfacts.votesmart.org/public-statement/1694022/july-24th-utahs-state-holiday,2025-07-22,2025-W30,2025-07
Democrat,Dick Durbin,Vote on Orso Nomination,"The result was announced--yeas 57, nays 41, as follows:                        [Rollcall Vote No. 629 Ex.]                                  YEAS--57       Banks      Barrasso      Blackburn      Boozman      Britt      Budd      Capito      Cassidy      Collins      Cornyn      Cotton      Crapo      Cruz      Curtis      Daines      Durbin      Ernst      Fischer      Gallego      Graham      Grassley      Hagerty      Hawley      Hoeven      Husted      Hyde-Smith      Johnson      Justice      Kaine      Kennedy      Lankford      Lee      Lummis      Marshall      McConnell      McCormick      Moody      Moran      Moreno      Mullin      Murkowski      Paul      Ricketts      Risch      Rounds      Schmitt      Scott (FL)      Scott (SC)      Shaheen      Sheehy      Sullivan      Thune      Tillis      Tuberville      Whitehouse      Wicker      Young                                  NAYS--41       Alsobrooks      Baldwin      Bennet      Blumenthal      Blunt Rochester      Booker      Cantwell      Cortez Masto      Duckworth      Fetterman      Gillibrand      Hassan      Heinrich      Hickenlooper      Hirono      Kelly      Kim      King      Klobuchar      Lujan      Markey      Merkley      Murphy      Murray      Ossoff      Padilla      Peters      Reed      Rosen      Sanders      Schatz      Schiff      Schumer      Slotkin      Smith      Van Hollen      Warner      Warnock      Warren      Welch      Wyden                               NOT VOTING--2       Coons      Cramer

The nomination was confirmed.",https://justfacts.votesmart.org/public-statement/1697404/vote-on-orso-nomination,2025-12-03,2025-W49,2025-12
Republican,Glenn Grothman,Immigration Concerns,"Mr. GROTHMAN. Obviously, the Department of Homeland Security has been  in the paper a lot lately.

I want to remind people of these facts:

We are already letting in about 800,000 people every year legally in  this country, which is at an all-time high by a mile. One-sixth of the  people in this country are born in another country, which is also at an  all-time high. We are already letting in one-half million people every  year on work visas. Perhaps that should be higher, but you add up these  final last three numbers, Mr. Speaker, and it tells us we are not in  desperate need of letting more people in this country.

There are people who only want to kick out people who have a criminal  record. First of all, it would be very unfair to the people who obeyed  the law to come here.

Secondly, it means we may be letting in hardworking people, but  people who don't share our values.

Third, it means we are driving up housing costs.

Fourth, it means America will become more crowded. I am old enough to  remember when all good environmentalists did not want a lot of  immigrants here because they wanted a more natural state.

In any event, these are things we should remember when discussing  immigration.",https://justfacts.votesmart.org/public-statement/1700572/immigration-concerns,2026-03-05,2026-W10,2026-03
Democrat,Haley Stevens,Cost-Share Accountability Act of 2025,"I join the chairman of the committee to rise in support of the Cost- Share Accountability Act of 2025.

I thank the gentleman from California (Mr. Obernolte) and the  gentleman from Illinois (Mr. Foster) for reintroducing this bipartisan,  commonsense bill.

The Department of Energy spends billions of dollars every year  supporting research, development, demonstration, and commercialization  activities. Per the Energy Policy Act of 2005, the Department of Energy  requires not less than 20 percent for research and development and not  less than 50 percent for demonstration or commercial application  activities to be provided from a non-Federal source so that all  stakeholders have some skin in the game and to control costs for  taxpayers.

To ensure that the cost-match requirement is not a barrier to entry,  the Secretary of Energy has the discretion to reduce or eliminate this  cost-share requirement if the Secretary determines that it is necessary  or appropriate to do so.

While it is important that the Secretary has this flexibility,  current law contains no permanent requirement for the Department of  Energy to notify Congress of the use of this flexible authority to  reduce or eliminate such requirements.

Thus, H.R. 359, the Cost-Share Accountability Act of 2025, will  direct the Department of Energy to provide quarterly reporting  requirements to Congress on the use of the Secretary of Energy's cost- share waiver authority. This bill would ensure that Congress is able to  perform its oversight responsibilities and help inform future potential  legislation to modify the cost-share requirements.

Mr. Speaker, I again thank our colleagues from both sides of the  aisle for introducing and reintroducing this bipartisan bill. I urge  everyone to vote ``yes'' on H.R. 359, and I reserve the balance of my  time.

Mr. Speaker, it is a thing of beauty to watch Mr. Obernolte and Mr.  Foster legislate together. I have seen it for a number of years on the  House Committee on Science, Space, and Technology. It is one of the  reasons why I am so excited for H.R. 359 and to see its passage here in  the House of Representatives.

Mr. Speaker, I thank my colleagues for introducing this bill and for  their work. I urge a very strong ``yes'' vote on H.R. 359, and I yield  back the balance of my time.",https://justfacts.votesmart.org/public-statement/1688930/cost-share-accountability-act-of-2025,2025-03-24,2025-W13,2025-03
Democrat,"Frank Pallone, Jr.",Institute for Telecommunication Sciences Codification Act,"Mr. Speaker, I rise in support of H.R. 1455, the Institute for  Telecommunication Sciences Codification Act, or ITS Codification Act.

The Institute for Telecommunication Sciences, or ITS, is the premier  engineering laboratory of the National Telecommunications and  Information Administration, NTIA.

Among its many responsibilities, ITS manages various technology  development programs for NTIA and the Department of Commerce and  oversees cutting-edge studies concerning the use of our country's  airwaves. ITS has played a significant role in furthering  telecommunication advancements for our country's benefit.

H.R. 1455 recognizes the numerous contributions of ITS by providing  it with additional statutory authority. Under this bill, ITS will serve  as the primary laboratory for the executive branch of the Federal  Government to study wireless technologies, including the use of  innovative sharing technologies for our airwaves and improving the  Federal Government's use of spectrum.

The legislation also will allow the Assistant Secretary of Commerce  for Communications and Information, acting through the head of ITS, to  enter into agreements needed to carry out the functions of the  laboratory.

This bill also requires the Assistant Secretary to establish an  initiative to support the development of emergency communications and  tracking technologies. These technologies would then be used to locate  people trapped in areas where wireless connectivity may not be  available due to natural disasters and other devastating events.

I commend Representatives Pettersen and Carter for their bipartisan  work on this bill. It will ensure that one of our Nation's key  telecommunications facilities has the necessary tools and resources to  not only continue its important work but also expand its activities.

Mr. Speaker, I urge my colleagues to support this bill, and I reserve  the balance of my time.

Mr. PALLONE. Mr. Speaker, I urge support for this bill. It is,  obviously, very important.",https://justfacts.votesmart.org/public-statement/1693437/institute-for-telecommunication-sciences-codification-act,2025-07-14,2025-W29,2025-07
Republican,Mike Carey,Concurrent Resolution on the Budget for Fiscal Year 2025,"Mr. CAREY. Mr. Speaker, today's vote really marks an essential step  toward fulfilling the promise to the American people to extend the 2017  Tax Cuts and Jobs Act, to enshrine border security into law, and to  move forward toward American energy independence.

After enduring years of high inflation, American families and small  businesses urgently need tax relief in order to thrive. We must pass  our budget resolution today to start the budget reconciliation process  and advance the policies that our American families expect from us.

It includes much-needed deficit reduction, as was mentioned earlier,  which will secure a healthy financial future for our children and  grandchildren. It will allow us to extend the successful tax cuts from  2017 that produced the unprecedented job growth and higher wages for  American workers. I urge everyone to support the resolution.",https://justfacts.votesmart.org/public-statement/1689894/concurrent-resolution-on-the-budget-for-fiscal-year-2025,2025-04-09,2025-W15,2025-04
Democrat,Stephen Lynch,District of Columbia Federal Immigration Compliance Act of 2025,"Mr. LYNCH. Mr. Speaker, on that I demand the yeas and nays.

The yeas and nays were ordered.",https://justfacts.votesmart.org/public-statement/1692420/district-of-columbia-federal-immigration-compliance-act-of-2025,2025-06-12,2025-W24,2025-06
